清单,名称,UI命中面数,GP命中面数,UI命中面,GP命中面
CodeBuddyFuncs,AddChildAtIndex,2,0,"__SC.C_ContextPtr, __SC.C_Control",
CodeBuddyFuncs,AddControlToAlwaysReceiveInput,1,0,UITutorialManager,
CodeBuddyFuncs,AddToolTipDisplayCallback,1,0,TTManager,
CodeBuddyFuncs,AddVertex,0,0,,
CodeBuddyFuncs,BranchResetAnimation,2,0,"__SC.C_ContextPtr, __SC.C_Control",
CodeBuddyFuncs,BreakLine,0,0,,
CodeBuddyFuncs,BuildEntry,0,0,,
CodeBuddyFuncs,BuildInstance,2,0,"InstanceManager, __SC.C_ContextPtr",
CodeBuddyFuncs,BuildInstanceForControl,1,0,__SC.C_ContextPtr,
CodeBuddyFuncs,BuildInstanceForControlAtIndex,1,0,__SC.C_ContextPtr,
CodeBuddyFuncs,CPP_ClearCallback,0,0,,
CodeBuddyFuncs,CPP_GetButton,0,0,,
CodeBuddyFuncs,CPP_GetHash,0,0,,
CodeBuddyFuncs,CPP_GetText,0,0,,
CodeBuddyFuncs,CPP_GetText_const,0,0,,
CodeBuddyFuncs,CPP_GetType,0,0,,
CodeBuddyFuncs,CPP_RegisterCallback,0,0,,
CodeBuddyFuncs,CPP_RegisterCallback_alt,0,0,,
CodeBuddyFuncs,CPP_SetText,0,0,,
CodeBuddyFuncs,CPP_SetTexture,0,0,,
CodeBuddyFuncs,CPP_SetToolTipString,0,0,,
CodeBuddyFuncs,CPP_SetToolTipType,0,0,,
CodeBuddyFuncs,C_ClearCallback,0,0,,
CodeBuddyFuncs,C_GetButton,0,0,,
CodeBuddyFuncs,C_GetHash,0,0,,
CodeBuddyFuncs,C_GetText,0,0,,
CodeBuddyFuncs,C_GetType,0,0,,
CodeBuddyFuncs,C_RegisterCallback,0,0,,
CodeBuddyFuncs,C_SetText,0,0,,
CodeBuddyFuncs,C_SetTexture,0,0,,
CodeBuddyFuncs,C_SetToolTipString,0,0,,
CodeBuddyFuncs,C_SetToolTipType,0,0,,
CodeBuddyFuncs,CalculateInternalSize,0,0,,
CodeBuddyFuncs,CalculateInternals,0,0,,
CodeBuddyFuncs,CalculateSize,0,0,,
CodeBuddyFuncs,CalculateVisibilityBox,2,0,"__SC.C_ContextPtr, __SC.C_Control",
CodeBuddyFuncs,CallParentShowHideHandler,1,0,__SC.C_ContextPtr,
CodeBuddyFuncs,ChangeParent,2,0,"__SC.C_ContextPtr, __SC.C_Control",
CodeBuddyFuncs,Clear,0,0,,
CodeBuddyFuncs,ClearAll,0,0,,
CodeBuddyFuncs,ClearAllPaths,0,0,,
CodeBuddyFuncs,ClearAnimCallback,0,0,,
CodeBuddyFuncs,ClearChannel,0,0,,
CodeBuddyFuncs,ClearContextParameters,1,0,__SC.C_ContextPtr,
CodeBuddyFuncs,ClearCurrent,1,0,TTManager,
CodeBuddyFuncs,ClearDownEndCallback,0,0,,
CodeBuddyFuncs,ClearEndCallback,0,0,,
CodeBuddyFuncs,ClearEntries,0,0,,
CodeBuddyFuncs,ClearGlobalInputHandler,2,0,"UIManager, __SC.C_UIManager",
CodeBuddyFuncs,ClearHexes,1,0,UILens,
CodeBuddyFuncs,ClearMouseEnterCallback,2,0,"__SC.C_ContextPtr, __SC.C_Control",
CodeBuddyFuncs,ClearMouseExitCallback,2,0,"__SC.C_ContextPtr, __SC.C_Control",
CodeBuddyFuncs,ClearMouseOverCallback,2,0,"__SC.C_ContextPtr, __SC.C_Control",
CodeBuddyFuncs,ClearPersistantInputControls,1,0,UITutorialManager,
CodeBuddyFuncs,ClearPlotChannel,0,0,,
CodeBuddyFuncs,ClearPlotsByChannel,0,0,,
CodeBuddyFuncs,ClearPopupChangeHandler,2,0,"UIManager, __SC.C_UIManager",
CodeBuddyFuncs,ClearPopupParameters,1,0,__SC.C_ContextPtr,
CodeBuddyFuncs,ClearRefreshHandler,1,0,__SC.C_ContextPtr,
CodeBuddyFuncs,ClearRequestRefresh,1,0,__SC.C_ContextPtr,
CodeBuddyFuncs,ClearScrollCallback,0,0,,
CodeBuddyFuncs,ClearSizeChangedCallback,2,0,"__SC.C_ContextPtr, __SC.C_Control",
CodeBuddyFuncs,ClearStartCallback,0,0,,
CodeBuddyFuncs,ClearString,0,0,,
CodeBuddyFuncs,ClearTextureChanged,0,0,,
CodeBuddyFuncs,ClearToolTipCallback,2,0,"__SC.C_ContextPtr, __SC.C_Control",
CodeBuddyFuncs,ClearUpEndCallback,0,0,,
CodeBuddyFuncs,ClearUpdate,1,0,__SC.C_ContextPtr,
CodeBuddyFuncs,ClearUpdateGamepad,1,0,__SC.C_ContextPtr,
CodeBuddyFuncs,ClearWhenHiddenCallback,2,0,"__SC.C_ContextPtr, __SC.C_Control",
CodeBuddyFuncs,ClearWhenShownCallback,2,0,"__SC.C_ContextPtr, __SC.C_Control",
CodeBuddyFuncs,Close,1,0,PopupDialog,
CodeBuddyFuncs,CreateConcentricWaves,0,0,,
CodeBuddyFuncs,CreateDataSet,0,0,,
CodeBuddyFuncs,CreateLinearWaves,0,0,,
CodeBuddyFuncs,CreatePathAlongSpline,0,0,,
CodeBuddyFuncs,CreateRegionText,0,0,,
CodeBuddyFuncs,CreateSpritePath,0,0,,
CodeBuddyFuncs,CreateSprites,0,0,,
CodeBuddyFuncs,CreateText,0,0,,
CodeBuddyFuncs,CreateTextAlongSpline,0,0,,
CodeBuddyFuncs,CreateTextArc,0,0,,
CodeBuddyFuncs,CreateTextAtPos,0,0,,
CodeBuddyFuncs,DebugMouseOver,2,0,"UIManager, __SC.C_UIManager",
CodeBuddyFuncs,DeleteAllDataSets,0,0,,
CodeBuddyFuncs,DeleteDataSet,0,0,,
CodeBuddyFuncs,DequeuePopup,2,0,"UIManager, __SC.C_UIManager",
CodeBuddyFuncs,DestroyAllChildren,2,0,"__SC.C_ContextPtr, __SC.C_Control",
CodeBuddyFuncs,DestroyChild,2,0,"__SC.C_ContextPtr, __SC.C_Control",
CodeBuddyFuncs,DisableDebugOutline,2,0,"__SC.C_ContextPtr, __SC.C_Control",
CodeBuddyFuncs,DisablePopupQueue,2,0,"UIManager, __SC.C_UIManager",
CodeBuddyFuncs,DisableTouchScrolling,0,0,,
CodeBuddyFuncs,DisableTouchToolTip,1,0,TouchManager,
CodeBuddyFuncs,DoAutoSize,2,0,"__SC.C_ContextPtr, __SC.C_Control",
CodeBuddyFuncs,DoLeftClick,0,0,,
CodeBuddyFuncs,DropFocus,0,0,,
CodeBuddyFuncs,EnableControlsByIdOrTag,1,0,UITutorialManager,
CodeBuddyFuncs,EnableDebugOutline,2,0,"__SC.C_ContextPtr, __SC.C_Control",
CodeBuddyFuncs,EnableOverlay,1,0,UITutorialManager,
CodeBuddyFuncs,EnableToolTip,2,0,"__SC.C_ContextPtr, __SC.C_Control",
CodeBuddyFuncs,EnableTooltipAtPos,2,0,"__SC.C_ContextPtr, __SC.C_Control",
CodeBuddyFuncs,EnableTouchScrolling,0,0,,
CodeBuddyFuncs,FindDataSet,0,1,,GameSummary
CodeBuddyFuncs,FindIconAtlas,1,0,IconManager,
CodeBuddyFuncs,FindIconAtlasNearestSize,1,0,IconManager,
CodeBuddyFuncs,FlipX,0,0,,
CodeBuddyFuncs,FlipY,0,0,,
CodeBuddyFuncs,ForceClose,0,0,,
CodeBuddyFuncs,ForceSetFocus,0,0,,
CodeBuddyFuncs,GamepadEnableTooltips,2,0,"__SC.C_ContextPtr, __SC.C_Control",
CodeBuddyFuncs,GamepadUpdateTooltips,2,0,"__SC.C_ContextPtr, __SC.C_Control",
CodeBuddyFuncs,GetAbsoluteScrollValue,0,0,,
CodeBuddyFuncs,GetAlpha,2,0,"__SC.C_ContextPtr, __SC.C_Control",
CodeBuddyFuncs,GetAnchor,2,0,"__SC.C_ContextPtr, __SC.C_Control",
CodeBuddyFuncs,GetBaseFileName,1,0,__SC.C_ContextPtr,
CodeBuddyFuncs,GetBatteryLevel,2,0,"UIManager, __SC.C_UIManager",
CodeBuddyFuncs,GetBestOverlappingControl,0,0,,
CodeBuddyFuncs,GetButtonIconText,0,0,,
CodeBuddyFuncs,GetChildren,2,0,"__SC.C_ContextPtr, __SC.C_Control",
CodeBuddyFuncs,GetConsumeMouseButton,3,0,"TunerUtilities, __SC.C_ContextPtr, __SC.C_Control",
CodeBuddyFuncs,GetConsumeMouseOver,2,0,"__SC.C_ContextPtr, __SC.C_Control",
CodeBuddyFuncs,GetConsumeMouseWheel,3,0,"TunerUtilities, __SC.C_ContextPtr, __SC.C_Control",
CodeBuddyFuncs,GetContext,2,0,"__SC.C_ContextPtr, __SC.C_Control",
CodeBuddyFuncs,GetContextParameters,1,0,__SC.C_ContextPtr,
CodeBuddyFuncs,GetControl,0,0,,
CodeBuddyFuncs,GetControlUnderMouse,3,0,"TunerUtilities, UIManager, __SC.C_UIManager",
CodeBuddyFuncs,GetCoordX,0,0,,
CodeBuddyFuncs,GetCoordY,0,0,,
CodeBuddyFuncs,GetCurrentSubButton,0,0,,
CodeBuddyFuncs,GetCycleType,0,0,,
CodeBuddyFuncs,GetDeltaX,0,0,,
CodeBuddyFuncs,GetDeltaY,0,0,,
CodeBuddyFuncs,GetDownButton,0,0,,
CodeBuddyFuncs,GetEndX,0,0,,
CodeBuddyFuncs,GetEndY,0,0,,
CodeBuddyFuncs,GetEntries,0,0,,
CodeBuddyFuncs,GetFilePath,2,0,"UIManager, __SC.C_UIManager",
CodeBuddyFuncs,GetFlags,0,0,,
CodeBuddyFuncs,GetFontFamilyFromStyle,2,0,"UIManager, __SC.C_UIManager",
CodeBuddyFuncs,GetFontSize,0,0,,
CodeBuddyFuncs,GetGestureDistance,1,0,TouchManager,
CodeBuddyFuncs,GetGestureStartDistanceThreshold,1,0,TouchManager,
CodeBuddyFuncs,GetGrid,0,0,,
CodeBuddyFuncs,GetID,2,1,"__SC.C_ContextPtr, __SC.C_Control",WorldBuilder
CodeBuddyFuncs,GetIndexedEntry,0,0,,
CodeBuddyFuncs,GetIsBatteryCharging,2,0,"UIManager, __SC.C_UIManager",
CodeBuddyFuncs,GetKey,0,0,,
CodeBuddyFuncs,GetLastFrameNum,2,0,"UIManager, __SC.C_UIManager",
CodeBuddyFuncs,GetLastTimeDelta,2,0,"UIManager, __SC.C_UIManager",
CodeBuddyFuncs,GetLayout,2,0,"UIManager, __SC.C_UIManager",
CodeBuddyFuncs,GetLeftButton,0,0,,
CodeBuddyFuncs,GetLuaFileName,1,0,__SC.C_ContextPtr,
CodeBuddyFuncs,GetMaxCharacters,0,0,,
CodeBuddyFuncs,GetMessageType,0,0,,
CodeBuddyFuncs,GetModalContexts,2,0,"UIManager, __SC.C_UIManager",
CodeBuddyFuncs,GetMouseDX,0,0,,
CodeBuddyFuncs,GetMouseDY,0,0,,
CodeBuddyFuncs,GetMouseDelta,2,0,"UIManager, __SC.C_UIManager",
CodeBuddyFuncs,GetMouseOverControls,3,0,"TunerUtilities, UIManager, __SC.C_UIManager",
CodeBuddyFuncs,GetMouseOverWorld,2,0,"UIManager, __SC.C_UIManager",
CodeBuddyFuncs,GetMousePos,2,0,"UIManager, __SC.C_UIManager",
CodeBuddyFuncs,GetName,0,0,,
CodeBuddyFuncs,GetNormalDeltaX,0,0,,
CodeBuddyFuncs,GetNormalDeltaY,0,0,,
CodeBuddyFuncs,GetNormalX,0,0,,
CodeBuddyFuncs,GetNormalY,0,0,,
CodeBuddyFuncs,GetNormalizedMousePos,2,0,"UIManager, __SC.C_UIManager",
CodeBuddyFuncs,GetNumChildren,2,0,"__SC.C_ContextPtr, __SC.C_Control",
CodeBuddyFuncs,GetNumSteps,0,0,,
CodeBuddyFuncs,GetNumberInput,0,0,,
CodeBuddyFuncs,GetOffsetVal,2,0,"__SC.C_ContextPtr, __SC.C_Control",
CodeBuddyFuncs,GetOffsetX,2,0,"__SC.C_ContextPtr, __SC.C_Control",
CodeBuddyFuncs,GetOffsetY,2,0,"__SC.C_ContextPtr, __SC.C_Control",
CodeBuddyFuncs,GetParent,2,0,"__SC.C_ContextPtr, __SC.C_Control",
CodeBuddyFuncs,GetParentByID,2,0,"__SC.C_ContextPtr, __SC.C_Control",
CodeBuddyFuncs,GetParentByType,2,0,"__SC.C_ContextPtr, __SC.C_Control",
CodeBuddyFuncs,GetParentRelativeOffset,2,0,"__SC.C_ContextPtr, __SC.C_Control",
CodeBuddyFuncs,GetParentRelativeSizeVal,2,0,"__SC.C_ContextPtr, __SC.C_Control",
CodeBuddyFuncs,GetParentRelativeSizeX,2,0,"__SC.C_ContextPtr, __SC.C_Control",
CodeBuddyFuncs,GetParentRelativeSizeY,2,0,"__SC.C_ContextPtr, __SC.C_Control",
CodeBuddyFuncs,GetPath,2,0,"__SC.C_ContextPtr, __SC.C_Control",
CodeBuddyFuncs,GetPauseTime,0,0,,
CodeBuddyFuncs,GetPercent,0,0,,
CodeBuddyFuncs,GetPopupParameters,1,0,__SC.C_ContextPtr,
CodeBuddyFuncs,GetPopupStack,2,0,"UIManager, __SC.C_UIManager",
CodeBuddyFuncs,GetProgress,0,0,,
CodeBuddyFuncs,GetRatio,0,0,,
CodeBuddyFuncs,GetRightButton,0,0,,
CodeBuddyFuncs,GetRootContexts,2,0,"UIManager, __SC.C_UIManager",
CodeBuddyFuncs,GetRows,0,0,,
CodeBuddyFuncs,GetScreenOffset,2,0,"__SC.C_ContextPtr, __SC.C_Control",
CodeBuddyFuncs,GetScreenSizeVal,2,0,"UIManager, __SC.C_UIManager",
CodeBuddyFuncs,GetScrollBar,0,0,,
CodeBuddyFuncs,GetScrollPanel,0,0,,
CodeBuddyFuncs,GetScrollValue,0,0,,
CodeBuddyFuncs,GetSelectedEntry,0,0,,
CodeBuddyFuncs,GetSelectedIndex,0,0,,
CodeBuddyFuncs,GetSelectedTab,0,0,,
CodeBuddyFuncs,GetSelectedTabID,0,0,,
CodeBuddyFuncs,GetSize,2,0,"__SC.C_ContextPtr, __SC.C_Control",
CodeBuddyFuncs,GetSizeVal,2,0,"__SC.C_ContextPtr, __SC.C_Control",
CodeBuddyFuncs,GetSizeX,2,0,"__SC.C_ContextPtr, __SC.C_Control",
CodeBuddyFuncs,GetSizeY,2,0,"__SC.C_ContextPtr, __SC.C_Control",
CodeBuddyFuncs,GetStack,0,0,,
CodeBuddyFuncs,GetStackPadding,0,0,,
CodeBuddyFuncs,GetStartX_float,0,0,,
CodeBuddyFuncs,GetStartX_int,0,0,,
CodeBuddyFuncs,GetStartY_float,0,0,,
CodeBuddyFuncs,GetStartY_int,0,0,,
CodeBuddyFuncs,GetStep,0,0,,
CodeBuddyFuncs,GetStickType,0,0,,
CodeBuddyFuncs,GetStickX,0,0,,
CodeBuddyFuncs,GetStickY,0,0,,
CodeBuddyFuncs,GetTag,2,0,"__SC.C_ContextPtr, __SC.C_Control",
CodeBuddyFuncs,GetTextButton,0,0,,
CodeBuddyFuncs,GetTextControl,1,0,UI,
CodeBuddyFuncs,GetTextLength,0,0,,
CodeBuddyFuncs,GetTexture,1,0,TunerUtilities,
CodeBuddyFuncs,GetTextureName,0,0,,
CodeBuddyFuncs,GetTextureSizeVal,0,0,,
CodeBuddyFuncs,GetToolTipDelay,1,0,TTManager,
CodeBuddyFuncs,GetToolTipPoint,1,0,TouchManager,
CodeBuddyFuncs,GetToolTipString,2,0,"__SC.C_ContextPtr, __SC.C_Control",
CodeBuddyFuncs,GetTouchID,0,0,,
CodeBuddyFuncs,GetTouchPointCount,1,0,TouchManager,
CodeBuddyFuncs,GetTouchPointDeltaFromStart,1,0,TouchManager,
CodeBuddyFuncs,GetTouchPointIDByIndex,1,0,TouchManager,
CodeBuddyFuncs,GetTouchPointLocation,1,0,TouchManager,
CodeBuddyFuncs,GetTouchPointMaxDeltaFromStart,1,0,TouchManager,
CodeBuddyFuncs,GetTypeControlTable,1,0,TTManager,
CodeBuddyFuncs,GetUpButton,0,0,,
CodeBuddyFuncs,GetValue,4,1,"GameConfiguration, MapConfiguration, PlayerConfiguration, UserConfiguration",GameConfiguration
CodeBuddyFuncs,GetVoid1,0,0,,
CodeBuddyFuncs,GetVoid2,0,0,,
CodeBuddyFuncs,GetWheel,0,0,,
CodeBuddyFuncs,GetWidth,0,0,,
CodeBuddyFuncs,GetWorldPosition,0,0,,
CodeBuddyFuncs,GetX,0,0,,
CodeBuddyFuncs,GetY,0,0,,
CodeBuddyFuncs,GrantedMouseOver,0,0,,
CodeBuddyFuncs,HasEntries,0,0,,
CodeBuddyFuncs,HasFocus,0,0,,
CodeBuddyFuncs,HasMouseOver,2,0,"__SC.C_ContextPtr, __SC.C_Control",
CodeBuddyFuncs,HasTexture,0,0,,
CodeBuddyFuncs,HasTouchOver,0,0,,
CodeBuddyFuncs,HideAll,3,0,"UIManager, UITutorialManager, __SC.C_UIManager",
CodeBuddyFuncs,HideAll_bool,0,0,,
CodeBuddyFuncs,HideControlsByID,1,0,UITutorialManager,
CodeBuddyFuncs,HideScrollBar,0,0,,
CodeBuddyFuncs,HighlightColoredHexes,0,0,,
CodeBuddyFuncs,HighlightHexes,0,0,,
CodeBuddyFuncs,IncrementPause,0,0,,
CodeBuddyFuncs,InitializeStyles,0,0,,
CodeBuddyFuncs,IsAbsoluteScrollEnabled,0,0,,
CodeBuddyFuncs,IsActive,1,3,UITutorialManager,"Automation, AutoplayManager, WorldBuilder"
CodeBuddyFuncs,IsAltDown,0,0,,
CodeBuddyFuncs,IsAnyButtonDown,0,0,,
CodeBuddyFuncs,IsAnyGestureStarted,1,0,TouchManager,
CodeBuddyFuncs,IsChannelActive,0,0,,
CodeBuddyFuncs,IsChecked,0,0,,
CodeBuddyFuncs,IsControlDown,0,0,,
CodeBuddyFuncs,IsDisabled,2,0,"__SC.C_ContextPtr, __SC.C_Control",
CodeBuddyFuncs,IsDown,0,0,,
CodeBuddyFuncs,IsDrag,0,0,,
CodeBuddyFuncs,IsDrop,0,0,,
CodeBuddyFuncs,IsEnabled,2,0,"__SC.C_ContextPtr, __SC.C_Control",
CodeBuddyFuncs,IsExtendedFont,2,0,"UIManager, __SC.C_UIManager",
CodeBuddyFuncs,IsFlippedHorizontal,0,0,,
CodeBuddyFuncs,IsGamepadActive,2,0,"UIManager, __SC.C_UIManager",
CodeBuddyFuncs,IsGamepadConnected,2,0,"UIManager, __SC.C_UIManager",
CodeBuddyFuncs,IsGamepadSupported,2,0,"UIManager, __SC.C_UIManager",
CodeBuddyFuncs,IsGamepadToolTipOn,1,0,TTManager,
CodeBuddyFuncs,IsHidden,3,0,"PlayerConfiguration, __SC.C_ContextPtr, __SC.C_Control",
CodeBuddyFuncs,IsHideAll,2,0,"UIManager, __SC.C_UIManager",
CodeBuddyFuncs,IsHotLoad,1,0,__SC.C_ContextPtr,
CodeBuddyFuncs,IsInAnyGesture,1,0,TouchManager,
CodeBuddyFuncs,IsInGesture,1,0,TouchManager,
CodeBuddyFuncs,IsInPause,0,0,,
CodeBuddyFuncs,IsInPopupQueue,2,0,"UIManager, __SC.C_UIManager",
CodeBuddyFuncs,IsLButtonDown,0,0,,
CodeBuddyFuncs,IsMButtonDown,0,0,,
CodeBuddyFuncs,IsModal,4,0,"UIManager, __SC.C_ContextPtr, __SC.C_Control, __SC.C_UIManager",
CodeBuddyFuncs,IsModal_alt,0,0,,
CodeBuddyFuncs,IsNull,0,0,,
CodeBuddyFuncs,IsOffBottom,0,0,,
CodeBuddyFuncs,IsOpen,1,0,PopupDialog,
CodeBuddyFuncs,IsOverlayEnabled,2,0,"Steam, UITutorialManager",
CodeBuddyFuncs,IsPlaying,0,0,,
CodeBuddyFuncs,IsPopupQueueDisabled,2,0,"UIManager, __SC.C_UIManager",
CodeBuddyFuncs,IsPopupQueueEmpty,2,0,"UIManager, __SC.C_UIManager",
CodeBuddyFuncs,IsRButtonDown,0,0,,
CodeBuddyFuncs,IsReversing,0,0,,
CodeBuddyFuncs,IsSelected,0,0,,
CodeBuddyFuncs,IsShiftDown,0,0,,
CodeBuddyFuncs,IsStopped,0,0,,
CodeBuddyFuncs,IsTextTruncated,0,0,,
CodeBuddyFuncs,IsTextureLoaded,0,0,,
CodeBuddyFuncs,IsToolTipEnabled,2,0,"__SC.C_ContextPtr, __SC.C_Control",
CodeBuddyFuncs,IsTooltipShowing,1,0,TTManager,
CodeBuddyFuncs,IsTopModal,2,0,"UIManager, __SC.C_UIManager",
CodeBuddyFuncs,IsTopOfPopupQueue,2,0,"UIManager, __SC.C_UIManager",
CodeBuddyFuncs,IsTouchToolTipDisabled,1,0,TouchManager,
CodeBuddyFuncs,IsTrackingLeftMouseButton,0,0,,
CodeBuddyFuncs,IsTrackingMiddleMouseButton,0,0,,
CodeBuddyFuncs,IsTrackingRightMouseButton,0,0,,
CodeBuddyFuncs,IsTrackingTouch,0,0,,
CodeBuddyFuncs,IsUsingHighlightShader,2,0,"__SC.C_ContextPtr, __SC.C_Control",
CodeBuddyFuncs,IsVisible,2,1,"__SC.C_ContextPtr, __SC.C_Control",PlayerVisibility
CodeBuddyFuncs,IsVisibleOnMap,0,0,,
CodeBuddyFuncs,IsVisibleOnWorld,0,0,,
CodeBuddyFuncs,LastHitOffset,2,0,"__SC.C_ContextPtr, __SC.C_Control",
CodeBuddyFuncs,LoadNewContext,1,0,__SC.C_ContextPtr,
CodeBuddyFuncs,LocalizeAndSetText,0,0,,
CodeBuddyFuncs,LocalizeAndSetToolTip,2,0,"__SC.C_ContextPtr, __SC.C_Control",
CodeBuddyFuncs,Log,2,1,"UIManager, __SC.C_UIManager",Automation
CodeBuddyFuncs,LogAllocations,2,0,"UIManager, __SC.C_UIManager",
CodeBuddyFuncs,LookUpControl,1,0,__SC.C_ContextPtr,
CodeBuddyFuncs,LostMouseOver,0,0,,
CodeBuddyFuncs,Pause,0,1,,Automation
CodeBuddyFuncs,PauseAllEffects,1,0,EffectsManager,
CodeBuddyFuncs,Play,0,0,,
CodeBuddyFuncs,PlayEffect,1,0,EffectsManager,
CodeBuddyFuncs,PlayEffectOneTime,1,0,EffectsManager,
CodeBuddyFuncs,PlayMask,0,0,,
CodeBuddyFuncs,PopAllInterrupts,2,0,"UIManager, __SC.C_UIManager",
CodeBuddyFuncs,PopModal,2,0,"UIManager, __SC.C_UIManager",
CodeBuddyFuncs,PrintAllocationInfo,2,0,"UIManager, __SC.C_UIManager",
CodeBuddyFuncs,PushModal,2,0,"UIManager, __SC.C_UIManager",
CodeBuddyFuncs,QueuePopup,2,0,"UIManager, __SC.C_UIManager",
CodeBuddyFuncs,ReceiveCallbacksIfDisabled,0,0,,
CodeBuddyFuncs,ReferenceCurrentGameCoreEvent,0,0,,
CodeBuddyFuncs,RegisterAnimCallback,0,0,,
CodeBuddyFuncs,RegisterCharCallback,0,0,,
CodeBuddyFuncs,RegisterCheckHandler,0,0,,
CodeBuddyFuncs,RegisterCommitCallback,0,0,,
CodeBuddyFuncs,RegisterDownEndCallback,0,0,,
CodeBuddyFuncs,RegisterEndCallback,0,0,,
CodeBuddyFuncs,RegisterHasFocusCallback,0,0,,
CodeBuddyFuncs,RegisterLostFocusCallback,0,0,,
CodeBuddyFuncs,RegisterMouseEnterCallback,2,0,"__SC.C_ContextPtr, __SC.C_Control",
CodeBuddyFuncs,RegisterMouseExitCallback,2,0,"__SC.C_ContextPtr, __SC.C_Control",
CodeBuddyFuncs,RegisterMouseOverCallback,2,0,"__SC.C_ContextPtr, __SC.C_Control",
CodeBuddyFuncs,RegisterOpenToggleCallback,0,0,,
CodeBuddyFuncs,RegisterScrollCallback,0,0,,
CodeBuddyFuncs,RegisterSelectionCallback,0,0,,
CodeBuddyFuncs,RegisterSizeChanged,2,0,"__SC.C_ContextPtr, __SC.C_Control",
CodeBuddyFuncs,RegisterSliderCallback,0,0,,
CodeBuddyFuncs,RegisterStartCallback,0,0,,
CodeBuddyFuncs,RegisterStringChangedCallback,0,0,,
CodeBuddyFuncs,RegisterTextureChanged,0,0,,
CodeBuddyFuncs,RegisterUpEndCallback,0,0,,
CodeBuddyFuncs,RegisterWhenHidden,2,0,"__SC.C_ContextPtr, __SC.C_Control",
CodeBuddyFuncs,RegisterWhenShown,2,0,"__SC.C_ContextPtr, __SC.C_Control",
CodeBuddyFuncs,ReleaseAndUnloadTextureByName,2,0,"UIManager, __SC.C_UIManager",
CodeBuddyFuncs,ReleaseChild,2,0,"__SC.C_ContextPtr, __SC.C_Control",
CodeBuddyFuncs,ReleaseGameCoreEvent,0,0,,
CodeBuddyFuncs,ReleaseTextureByName,2,0,"UIManager, __SC.C_UIManager",
CodeBuddyFuncs,Reload,1,0,__SC.C_ContextPtr,
CodeBuddyFuncs,RemoveControlToAlwaysReceiveInput,1,0,UITutorialManager,
CodeBuddyFuncs,RemoveToolTipDisplayCallback,1,0,TTManager,
CodeBuddyFuncs,Reparent,2,0,"__SC.C_ContextPtr, __SC.C_Control",
CodeBuddyFuncs,ReprocessAnchoring,2,0,"__SC.C_ContextPtr, __SC.C_Control",
CodeBuddyFuncs,RequestRefresh,1,0,__SC.C_ContextPtr,
CodeBuddyFuncs,RequestReloadUI,2,0,"UIManager, __SC.C_UIManager",
CodeBuddyFuncs,RequestReprocessAnchoring,2,0,"UIManager, __SC.C_UIManager",
CodeBuddyFuncs,ResetAllWaves,0,0,,
CodeBuddyFuncs,ResetSelection,0,0,,
CodeBuddyFuncs,Resize,0,0,,
CodeBuddyFuncs,ResumeAllEffects,1,0,EffectsManager,
CodeBuddyFuncs,Reverse,0,0,,
CodeBuddyFuncs,Rotate,0,0,,
CodeBuddyFuncs,Scale,0,0,,
CodeBuddyFuncs,SelectTab,0,0,,
CodeBuddyFuncs,SelectTabByID,0,0,,
CodeBuddyFuncs,SendOpenState,0,0,,
CodeBuddyFuncs,SendTooltipRefreshMessage,2,0,"UIManager, __SC.C_UIManager",
CodeBuddyFuncs,SetAbsoluteScrollValue,0,0,,
CodeBuddyFuncs,SetActiveAlways,1,0,UITutorialManager,
CodeBuddyFuncs,SetAllChildrenVisible,2,0,"__SC.C_ContextPtr, __SC.C_Control",
CodeBuddyFuncs,SetAlpha,2,0,"__SC.C_ContextPtr, __SC.C_Control",
CodeBuddyFuncs,SetAnchor,2,0,"__SC.C_ContextPtr, __SC.C_Control",
CodeBuddyFuncs,SetAndCall_bool,0,0,,
CodeBuddyFuncs,SetAndCall_float,0,0,,
CodeBuddyFuncs,SetAnimationSpeed,0,0,,
CodeBuddyFuncs,SetAppLostFocusHandler,1,0,__SC.C_ContextPtr,
CodeBuddyFuncs,SetAppRegainedFocusHandler,1,0,__SC.C_ContextPtr,
CodeBuddyFuncs,SetAutoSize,2,0,"__SC.C_ContextPtr, __SC.C_Control",
CodeBuddyFuncs,SetAxisColor,0,0,,
CodeBuddyFuncs,SetBGColor,0,0,,
CodeBuddyFuncs,SetBackgroundColor,0,0,,
CodeBuddyFuncs,SetBeginVal,0,0,,
CodeBuddyFuncs,SetBorderColors,0,0,,
CodeBuddyFuncs,SetBorderStyle,0,0,,
CodeBuddyFuncs,SetButtonHighlightColor,2,0,"__SC.C_ContextPtr, __SC.C_Control",
CodeBuddyFuncs,SetButtonIconText,0,0,,
CodeBuddyFuncs,SetChannelOff,0,0,,
CodeBuddyFuncs,SetChannelOn,0,0,,
CodeBuddyFuncs,SetCheck,0,0,,
CodeBuddyFuncs,SetCheckColor,0,0,,
CodeBuddyFuncs,SetCheckTexture,0,0,,
CodeBuddyFuncs,SetCheckTextureOffsetVal,0,0,,
CodeBuddyFuncs,SetCheckTextureSizeVal,0,0,,
CodeBuddyFuncs,SetClipboardString,2,0,"UIManager, __SC.C_UIManager",
CodeBuddyFuncs,SetColor,2,0,"__SC.C_ContextPtr, __SC.C_Control",
CodeBuddyFuncs,SetColorAsNorm,0,0,,
CodeBuddyFuncs,SetColorByName,2,0,"__SC.C_ContextPtr, __SC.C_Control",
CodeBuddyFuncs,SetColorVal_float,0,0,,
CodeBuddyFuncs,SetColorVal_int,0,0,,
CodeBuddyFuncs,SetConcentricStyle,0,0,,
CodeBuddyFuncs,SetConsumeMouseButton,3,0,"TunerUtilities, __SC.C_ContextPtr, __SC.C_Control",
CodeBuddyFuncs,SetConsumeMouseOver,2,0,"__SC.C_ContextPtr, __SC.C_Control",
CodeBuddyFuncs,SetConsumeMouseWheel,3,0,"TunerUtilities, __SC.C_ContextPtr, __SC.C_Control",
CodeBuddyFuncs,SetCounterClockwise,0,0,,
CodeBuddyFuncs,SetCycleType,0,0,,
CodeBuddyFuncs,SetDisabled,2,0,"__SC.C_ContextPtr, __SC.C_Control",
CodeBuddyFuncs,SetDomain,0,0,,
CodeBuddyFuncs,SetDrawControlBounds,2,0,"UIManager, __SC.C_UIManager",
CodeBuddyFuncs,SetEnableSpaceReplacement,0,0,,
CodeBuddyFuncs,SetEnabled,2,0,"__SC.C_ContextPtr, __SC.C_Control",
CodeBuddyFuncs,SetEndPauseTime,0,0,,
CodeBuddyFuncs,SetEndVal,0,0,,
CodeBuddyFuncs,SetEndX,0,0,,
CodeBuddyFuncs,SetEndY,0,0,,
CodeBuddyFuncs,SetEntries,0,0,,
CodeBuddyFuncs,SetEntries_alt,0,0,,
CodeBuddyFuncs,SetEntrySelected,0,0,,
CodeBuddyFuncs,SetEntrySelectedCallback,0,0,,
CodeBuddyFuncs,SetEntrySubButtonClickedCallback,0,0,,
CodeBuddyFuncs,SetFGColor,0,0,,
CodeBuddyFuncs,SetFocus,0,0,,
CodeBuddyFuncs,SetFocusStop,0,0,,
CodeBuddyFuncs,SetFollow,0,0,,
CodeBuddyFuncs,SetFontFamily,0,0,,
CodeBuddyFuncs,SetFontSize,0,0,,
CodeBuddyFuncs,SetForceIME,0,0,,
CodeBuddyFuncs,SetForceNonIME,0,0,,
CodeBuddyFuncs,SetFrame,0,0,,
CodeBuddyFuncs,SetGamepadToolTipOn,1,0,TTManager,
CodeBuddyFuncs,SetGestureStartDistanceThreshold,1,0,TouchManager,
CodeBuddyFuncs,SetGlobalInputHandler,2,0,"UIManager, __SC.C_UIManager",
CodeBuddyFuncs,SetGridColor,0,0,,
CodeBuddyFuncs,SetHide,2,0,"__SC.C_ContextPtr, __SC.C_Control",
CodeBuddyFuncs,SetHideHandler,1,0,__SC.C_ContextPtr,
CodeBuddyFuncs,SetHighlightColor,0,0,,
CodeBuddyFuncs,SetID,2,1,"__SC.C_ContextPtr, __SC.C_Control",WorldBuilder
CodeBuddyFuncs,SetIcon,0,0,,
CodeBuddyFuncs,SetIndexSelected,0,0,,
CodeBuddyFuncs,SetInitHandler,1,0,__SC.C_ContextPtr,
CodeBuddyFuncs,SetInputHandler,1,1,__SC.C_ContextPtr,Automation
CodeBuddyFuncs,SetLinearColor,0,0,,
CodeBuddyFuncs,SetMask,0,0,,
CodeBuddyFuncs,SetMaskOffset,0,0,,
CodeBuddyFuncs,SetMaskOffsetVal,0,0,,
CodeBuddyFuncs,SetMaskSize,0,0,,
CodeBuddyFuncs,SetMaskSizeVal,0,0,,
CodeBuddyFuncs,SetMaskTexture,0,0,,
CodeBuddyFuncs,SetMaxCharacters,0,0,,
CodeBuddyFuncs,SetModal,2,0,"__SC.C_ContextPtr, __SC.C_Control",
CodeBuddyFuncs,SetMovie,0,0,,
CodeBuddyFuncs,SetMovieFinishedCallback,0,0,,
CodeBuddyFuncs,SetMovieFrameCallback,0,0,,
CodeBuddyFuncs,SetNoClip,2,0,"__SC.C_ContextPtr, __SC.C_Control",
CodeBuddyFuncs,SetNumSteps,0,0,,
CodeBuddyFuncs,SetNumberInput,0,0,,
CodeBuddyFuncs,SetOffset,2,0,"__SC.C_ContextPtr, __SC.C_Control",
CodeBuddyFuncs,SetOffsetVal,2,0,"__SC.C_ContextPtr, __SC.C_Control",
CodeBuddyFuncs,SetOffsetX,2,0,"__SC.C_ContextPtr, __SC.C_Control",
CodeBuddyFuncs,SetOffsetY,2,0,"__SC.C_ContextPtr, __SC.C_Control",
CodeBuddyFuncs,SetParentRelativeSize,2,0,"__SC.C_ContextPtr, __SC.C_Control",
CodeBuddyFuncs,SetParentRelativeSizeVal,2,0,"__SC.C_ContextPtr, __SC.C_Control",
CodeBuddyFuncs,SetParentRelativeSizeX,2,0,"__SC.C_ContextPtr, __SC.C_Control",
CodeBuddyFuncs,SetParentRelativeSizeY,2,0,"__SC.C_ContextPtr, __SC.C_Control",
CodeBuddyFuncs,SetPauseTime,0,0,,
CodeBuddyFuncs,SetPercent,0,0,,
CodeBuddyFuncs,SetPercents,0,0,,
CodeBuddyFuncs,SetPlotChannel,0,0,,
CodeBuddyFuncs,SetPlotColor,0,0,,
CodeBuddyFuncs,SetPopupChangeHandler,2,0,"UIManager, __SC.C_UIManager",
CodeBuddyFuncs,SetPostInit,1,0,__SC.C_ContextPtr,
CodeBuddyFuncs,SetPressureStyle,0,0,,
CodeBuddyFuncs,SetProgress,0,0,,
CodeBuddyFuncs,SetRange,0,0,,
CodeBuddyFuncs,SetReduceWidth,0,0,,
CodeBuddyFuncs,SetRefreshHandler,1,0,__SC.C_ContextPtr,
CodeBuddyFuncs,SetRelativeEndVal,0,0,,
CodeBuddyFuncs,SetScrollValue,0,0,,
CodeBuddyFuncs,SetSelected,0,0,,
CodeBuddyFuncs,SetSelectedIndex,0,0,,
CodeBuddyFuncs,SetShadowColor,0,0,,
CodeBuddyFuncs,SetShadowPercent,0,0,,
CodeBuddyFuncs,SetShow,2,0,"__SC.C_ContextPtr, __SC.C_Control",
CodeBuddyFuncs,SetShowHandler,1,0,__SC.C_ContextPtr,
CodeBuddyFuncs,SetShowHideHandler,1,0,__SC.C_ContextPtr,
CodeBuddyFuncs,SetShowOnMouseOut,2,0,"__SC.C_ContextPtr, __SC.C_Control",
CodeBuddyFuncs,SetShowOnMouseOver,2,0,"__SC.C_ContextPtr, __SC.C_Control",
CodeBuddyFuncs,SetShutdown,1,0,__SC.C_ContextPtr,
CodeBuddyFuncs,SetShutdownGamepad,1,0,__SC.C_ContextPtr,
CodeBuddyFuncs,SetSize,3,0,"PopupDialog, __SC.C_ContextPtr, __SC.C_Control",
CodeBuddyFuncs,SetSizeToText,0,0,,
CodeBuddyFuncs,SetSizeVal,2,0,"__SC.C_ContextPtr, __SC.C_Control",
CodeBuddyFuncs,SetSizeX,2,0,"__SC.C_ContextPtr, __SC.C_Control",
CodeBuddyFuncs,SetSizeY,2,0,"__SC.C_ContextPtr, __SC.C_Control",
CodeBuddyFuncs,SetSpeed,0,0,,
CodeBuddyFuncs,SetStackPadding,0,0,,
CodeBuddyFuncs,SetStartVal,0,0,,
CodeBuddyFuncs,SetStartX,0,0,,
CodeBuddyFuncs,SetStartY,0,0,,
CodeBuddyFuncs,SetStep,0,0,,
CodeBuddyFuncs,SetStepAndCall,0,0,,
CodeBuddyFuncs,SetString,0,0,,
CodeBuddyFuncs,SetStyle,0,0,,
CodeBuddyFuncs,SetTabSelectedCallback,0,0,,
CodeBuddyFuncs,SetTag,2,0,"__SC.C_ContextPtr, __SC.C_Control",
CodeBuddyFuncs,SetTextureAndMask,0,0,,
CodeBuddyFuncs,SetTextureOffset,0,0,,
CodeBuddyFuncs,SetTextureOffsetVal,0,0,,
CodeBuddyFuncs,SetTextureSize,0,0,,
CodeBuddyFuncs,SetTextureSizeVal,0,0,,
CodeBuddyFuncs,SetToBeginning,0,0,,
CodeBuddyFuncs,SetToEnd,0,0,,
CodeBuddyFuncs,SetToolTipCallback,2,0,"__SC.C_ContextPtr, __SC.C_Control",
CodeBuddyFuncs,SetToolTipDelay,1,0,TTManager,
CodeBuddyFuncs,SetTruncateHeight,0,0,,
CodeBuddyFuncs,SetTruncateWidth,0,0,,
CodeBuddyFuncs,SetUICursor,2,0,"UIManager, __SC.C_UIManager",
CodeBuddyFuncs,SetUnCheckColor,0,0,,
CodeBuddyFuncs,SetUnCheckTexture,0,0,,
CodeBuddyFuncs,SetUnCheckTextureOffsetVal,0,0,,
CodeBuddyFuncs,SetUnCheckTextureSizeVal,0,0,,
CodeBuddyFuncs,SetUpdate,1,0,__SC.C_ContextPtr,
CodeBuddyFuncs,SetUpdateGamepad,1,0,__SC.C_ContextPtr,
CodeBuddyFuncs,SetUseHighlightShader,2,0,"__SC.C_ContextPtr, __SC.C_Control",
CodeBuddyFuncs,SetValue,4,0,"GameConfiguration, MapConfiguration, PlayerConfiguration, UserConfiguration",
CodeBuddyFuncs,SetVisState,0,0,,
CodeBuddyFuncs,SetVisible,0,0,,
CodeBuddyFuncs,SetVisibleOnMap,0,0,,
CodeBuddyFuncs,SetVisibleOnWorld,0,0,,
CodeBuddyFuncs,SetVoid1,0,0,,
CodeBuddyFuncs,SetVoid2,0,0,,
CodeBuddyFuncs,SetVoids,0,0,,
CodeBuddyFuncs,SetWidth,0,0,,
CodeBuddyFuncs,SetWorldEndVal,0,0,,
CodeBuddyFuncs,SetWorldPosition,0,0,,
CodeBuddyFuncs,SetWorldPositionOffset,0,0,,
CodeBuddyFuncs,SetWorldPositionOffsetVal,0,0,,
CodeBuddyFuncs,SetWorldPositionVal,0,0,,
CodeBuddyFuncs,SetWorldStartVal,0,0,,
CodeBuddyFuncs,SetWrapWidth_float,0,0,,
CodeBuddyFuncs,SetWrapWidth_int,0,0,,
CodeBuddyFuncs,SetXNumberInterval,0,0,,
CodeBuddyFuncs,SetXTickInterval,0,0,,
CodeBuddyFuncs,SetYNumberInterval,0,0,,
CodeBuddyFuncs,SetYTickInterval,0,0,,
CodeBuddyFuncs,SetZoomOffsetFar,0,0,,
CodeBuddyFuncs,SetZoomOffsetFarVal,0,0,,
CodeBuddyFuncs,SetZoomOffsetNear,0,0,,
CodeBuddyFuncs,SetZoomOffsetNearVal,0,0,,
CodeBuddyFuncs,ShowBorders,0,0,,
CodeBuddyFuncs,ShowControlsByID,1,0,UITutorialManager,
CodeBuddyFuncs,ShowDelayedPopups,2,0,"UIManager, __SC.C_UIManager",
CodeBuddyFuncs,ShowHGridLines,0,0,,
CodeBuddyFuncs,ShowHighlights,0,0,,
CodeBuddyFuncs,ShowVGridLines,0,0,,
CodeBuddyFuncs,ShowXAxis,0,0,,
CodeBuddyFuncs,ShowXNumbers,0,0,,
CodeBuddyFuncs,ShowXTicks,0,0,,
CodeBuddyFuncs,ShowYAxis,0,0,,
CodeBuddyFuncs,ShowYNumbers,0,0,,
CodeBuddyFuncs,ShowYTicks,0,0,,
CodeBuddyFuncs,SortChildren,2,0,"__SC.C_ContextPtr, __SC.C_Control",
CodeBuddyFuncs,StartDrag,0,0,,
CodeBuddyFuncs,Stop,0,0,,
CodeBuddyFuncs,StopAllEffects,1,0,EffectsManager,
CodeBuddyFuncs,StopDrag,0,0,,
CodeBuddyFuncs,StopEffect,1,0,EffectsManager,
CodeBuddyFuncs,StopSnapBack,0,0,,
CodeBuddyFuncs,StrategicView_ClearReferenceMap,0,0,,
CodeBuddyFuncs,StrategicView_GetReferenceMapAlpha,0,0,,
CodeBuddyFuncs,StrategicView_SetReferenceMap,0,0,,
CodeBuddyFuncs,StrategicView_SetReferenceMapAlpha,0,0,,
CodeBuddyFuncs,TakeFocus,0,0,,
CodeBuddyFuncs,ToButtonControl,2,0,"__SC.C_ContextPtr, __SC.C_Control",
CodeBuddyFuncs,ToControlBase,2,0,"__SC.C_ContextPtr, __SC.C_Control",
CodeBuddyFuncs,ToggleEntrySelected,0,0,,
CodeBuddyFuncs,ToggleIndexSelected,0,0,,
CodeBuddyFuncs,TrySetIcon,0,0,,
CodeBuddyFuncs,TypeInfo,0,0,,
CodeBuddyFuncs,UnFocus,0,0,,
CodeBuddyFuncs,UnifyClickAndTap,1,0,__SC.C_ContextPtr,
CodeBuddyFuncs,UnloadTexture,0,0,,
CodeBuddyFuncs,UpdateDrag,0,0,,
CodeBuddyFuncs,WasAnyGestureStarted,1,0,TouchManager,
CodeBuddyFuncs,WasInAnyGesture,1,0,TouchManager,
CodeBuddyFuncs,WasInGesture,1,0,TouchManager,
CodeBuddyFuncsRaw(归一化),AddChildAtIndex,2,0,"__SC.C_ContextPtr, __SC.C_Control",
CodeBuddyFuncsRaw(归一化),AddControlToAlwaysReceiveInput,1,0,UITutorialManager,
CodeBuddyFuncsRaw(归一化),AddToolTipDisplayCallback,1,0,TTManager,
CodeBuddyFuncsRaw(归一化),AddVertex,0,0,,
CodeBuddyFuncsRaw(归一化),BranchResetAnimation,2,0,"__SC.C_ContextPtr, __SC.C_Control",
CodeBuddyFuncsRaw(归一化),BreakLine,0,0,,
CodeBuddyFuncsRaw(归一化),BuildEntry,0,0,,
CodeBuddyFuncsRaw(归一化),BuildInstance,2,0,"InstanceManager, __SC.C_ContextPtr",
CodeBuddyFuncsRaw(归一化),BuildInstanceForControl,1,0,__SC.C_ContextPtr,
CodeBuddyFuncsRaw(归一化),BuildInstanceForControlAtIndex,1,0,__SC.C_ContextPtr,
CodeBuddyFuncsRaw(归一化),CalculateInternalSize,0,0,,
CodeBuddyFuncsRaw(归一化),CalculateInternals,0,0,,
CodeBuddyFuncsRaw(归一化),CalculateSize,0,0,,
CodeBuddyFuncsRaw(归一化),CalculateVisibilityBox,2,0,"__SC.C_ContextPtr, __SC.C_Control",
CodeBuddyFuncsRaw(归一化),CallParentShowHideHandler,1,0,__SC.C_ContextPtr,
CodeBuddyFuncsRaw(归一化),ChangeParent,2,0,"__SC.C_ContextPtr, __SC.C_Control",
CodeBuddyFuncsRaw(归一化),Clear,0,0,,
CodeBuddyFuncsRaw(归一化),ClearAll,0,0,,
CodeBuddyFuncsRaw(归一化),ClearAllPaths,0,0,,
CodeBuddyFuncsRaw(归一化),ClearAnimCallback,0,0,,
CodeBuddyFuncsRaw(归一化),ClearCallback,0,0,,
CodeBuddyFuncsRaw(归一化),ClearChannel,0,0,,
CodeBuddyFuncsRaw(归一化),ClearContextParameters,1,0,__SC.C_ContextPtr,
CodeBuddyFuncsRaw(归一化),ClearCurrent,1,0,TTManager,
CodeBuddyFuncsRaw(归一化),ClearDownEndCallback,0,0,,
CodeBuddyFuncsRaw(归一化),ClearEndCallback,0,0,,
CodeBuddyFuncsRaw(归一化),ClearEntries,0,0,,
CodeBuddyFuncsRaw(归一化),ClearGlobalInputHandler,2,0,"UIManager, __SC.C_UIManager",
CodeBuddyFuncsRaw(归一化),ClearHexes,1,0,UILens,
CodeBuddyFuncsRaw(归一化),ClearMouseEnterCallback,2,0,"__SC.C_ContextPtr, __SC.C_Control",
CodeBuddyFuncsRaw(归一化),ClearMouseExitCallback,2,0,"__SC.C_ContextPtr, __SC.C_Control",
CodeBuddyFuncsRaw(归一化),ClearMouseOverCallback,2,0,"__SC.C_ContextPtr, __SC.C_Control",
CodeBuddyFuncsRaw(归一化),ClearPersistantInputControls,1,0,UITutorialManager,
CodeBuddyFuncsRaw(归一化),ClearPlotChannel,0,0,,
CodeBuddyFuncsRaw(归一化),ClearPlotsByChannel,0,0,,
CodeBuddyFuncsRaw(归一化),ClearPopupChangeHandler,2,0,"UIManager, __SC.C_UIManager",
CodeBuddyFuncsRaw(归一化),ClearPopupParameters,1,0,__SC.C_ContextPtr,
CodeBuddyFuncsRaw(归一化),ClearRefreshHandler,1,0,__SC.C_ContextPtr,
CodeBuddyFuncsRaw(归一化),ClearRequestRefresh,1,0,__SC.C_ContextPtr,
CodeBuddyFuncsRaw(归一化),ClearScrollCallback,0,0,,
CodeBuddyFuncsRaw(归一化),ClearSizeChangedCallback,2,0,"__SC.C_ContextPtr, __SC.C_Control",
CodeBuddyFuncsRaw(归一化),ClearStartCallback,0,0,,
CodeBuddyFuncsRaw(归一化),ClearString,0,0,,
CodeBuddyFuncsRaw(归一化),ClearTextureChanged,0,0,,
CodeBuddyFuncsRaw(归一化),ClearToolTipCallback,2,0,"__SC.C_ContextPtr, __SC.C_Control",
CodeBuddyFuncsRaw(归一化),ClearUpEndCallback,0,0,,
CodeBuddyFuncsRaw(归一化),ClearUpdate,1,0,__SC.C_ContextPtr,
CodeBuddyFuncsRaw(归一化),ClearUpdateGamepad,1,0,__SC.C_ContextPtr,
CodeBuddyFuncsRaw(归一化),ClearWhenHiddenCallback,2,0,"__SC.C_ContextPtr, __SC.C_Control",
CodeBuddyFuncsRaw(归一化),ClearWhenShownCallback,2,0,"__SC.C_ContextPtr, __SC.C_Control",
CodeBuddyFuncsRaw(归一化),Close,1,0,PopupDialog,
CodeBuddyFuncsRaw(归一化),CreateConcentricWaves,0,0,,
CodeBuddyFuncsRaw(归一化),CreateDataSet,0,0,,
CodeBuddyFuncsRaw(归一化),CreateLinearWaves,0,0,,
CodeBuddyFuncsRaw(归一化),CreatePathAlongSpline,0,0,,
CodeBuddyFuncsRaw(归一化),CreateRegionText,0,0,,
CodeBuddyFuncsRaw(归一化),CreateSpritePath,0,0,,
CodeBuddyFuncsRaw(归一化),CreateSprites,0,0,,
CodeBuddyFuncsRaw(归一化),CreateText,0,0,,
CodeBuddyFuncsRaw(归一化),CreateTextAlongSpline,0,0,,
CodeBuddyFuncsRaw(归一化),CreateTextArc,0,0,,
CodeBuddyFuncsRaw(归一化),CreateTextAtPos,0,0,,
CodeBuddyFuncsRaw(归一化),DebugMouseOver,2,0,"UIManager, __SC.C_UIManager",
CodeBuddyFuncsRaw(归一化),DeleteAllDataSets,0,0,,
CodeBuddyFuncsRaw(归一化),DeleteDataSet,0,0,,
CodeBuddyFuncsRaw(归一化),DequeuePopup,2,0,"UIManager, __SC.C_UIManager",
CodeBuddyFuncsRaw(归一化),DestroyAllChildren,2,0,"__SC.C_ContextPtr, __SC.C_Control",
CodeBuddyFuncsRaw(归一化),DestroyChild,2,0,"__SC.C_ContextPtr, __SC.C_Control",
CodeBuddyFuncsRaw(归一化),DisableDebugOutline,2,0,"__SC.C_ContextPtr, __SC.C_Control",
CodeBuddyFuncsRaw(归一化),DisablePopupQueue,2,0,"UIManager, __SC.C_UIManager",
CodeBuddyFuncsRaw(归一化),DisableTouchScrolling,0,0,,
CodeBuddyFuncsRaw(归一化),DisableTouchToolTip,1,0,TouchManager,
CodeBuddyFuncsRaw(归一化),DoAutoSize,2,0,"__SC.C_ContextPtr, __SC.C_Control",
CodeBuddyFuncsRaw(归一化),DoLeftClick,0,0,,
CodeBuddyFuncsRaw(归一化),DropFocus,0,0,,
CodeBuddyFuncsRaw(归一化),EnableControlsByIdOrTag,1,0,UITutorialManager,
CodeBuddyFuncsRaw(归一化),EnableDebugOutline,2,0,"__SC.C_ContextPtr, __SC.C_Control",
CodeBuddyFuncsRaw(归一化),EnableOverlay,1,0,UITutorialManager,
CodeBuddyFuncsRaw(归一化),EnableToolTip,2,0,"__SC.C_ContextPtr, __SC.C_Control",
CodeBuddyFuncsRaw(归一化),EnableTooltipAtPos,2,0,"__SC.C_ContextPtr, __SC.C_Control",
CodeBuddyFuncsRaw(归一化),EnableTouchScrolling,0,0,,
CodeBuddyFuncsRaw(归一化),FindDataSet,0,1,,GameSummary
CodeBuddyFuncsRaw(归一化),FindIconAtlas,1,0,IconManager,
CodeBuddyFuncsRaw(归一化),FindIconAtlasNearestSize,1,0,IconManager,
CodeBuddyFuncsRaw(归一化),FlipX,0,0,,
CodeBuddyFuncsRaw(归一化),FlipY,0,0,,
CodeBuddyFuncsRaw(归一化),ForceClose,0,0,,
CodeBuddyFuncsRaw(归一化),ForceSetFocus,0,0,,
CodeBuddyFuncsRaw(归一化),GamepadEnableTooltips,2,0,"__SC.C_ContextPtr, __SC.C_Control",
CodeBuddyFuncsRaw(归一化),GamepadUpdateTooltips,2,0,"__SC.C_ContextPtr, __SC.C_Control",
CodeBuddyFuncsRaw(归一化),GetAbsoluteScrollValue,0,0,,
CodeBuddyFuncsRaw(归一化),GetAlpha,2,0,"__SC.C_ContextPtr, __SC.C_Control",
CodeBuddyFuncsRaw(归一化),GetAnchor,2,0,"__SC.C_ContextPtr, __SC.C_Control",
CodeBuddyFuncsRaw(归一化),GetBaseFileName,1,0,__SC.C_ContextPtr,
CodeBuddyFuncsRaw(归一化),GetBatteryLevel,2,0,"UIManager, __SC.C_UIManager",
CodeBuddyFuncsRaw(归一化),GetBestOverlappingControl,0,0,,
CodeBuddyFuncsRaw(归一化),GetButton,0,0,,
CodeBuddyFuncsRaw(归一化),GetButtonIconText,0,0,,
CodeBuddyFuncsRaw(归一化),GetChildren,2,0,"__SC.C_ContextPtr, __SC.C_Control",
CodeBuddyFuncsRaw(归一化),GetConsumeMouseButton,3,0,"TunerUtilities, __SC.C_ContextPtr, __SC.C_Control",
CodeBuddyFuncsRaw(归一化),GetConsumeMouseOver,2,0,"__SC.C_ContextPtr, __SC.C_Control",
CodeBuddyFuncsRaw(归一化),GetConsumeMouseWheel,3,0,"TunerUtilities, __SC.C_ContextPtr, __SC.C_Control",
CodeBuddyFuncsRaw(归一化),GetContext,2,0,"__SC.C_ContextPtr, __SC.C_Control",
CodeBuddyFuncsRaw(归一化),GetContextParameters,1,0,__SC.C_ContextPtr,
CodeBuddyFuncsRaw(归一化),GetControl,0,0,,
CodeBuddyFuncsRaw(归一化),GetControlUnderMouse,3,0,"TunerUtilities, UIManager, __SC.C_UIManager",
CodeBuddyFuncsRaw(归一化),GetCoordX,0,0,,
CodeBuddyFuncsRaw(归一化),GetCoordY,0,0,,
CodeBuddyFuncsRaw(归一化),GetCurrentSubButton,0,0,,
CodeBuddyFuncsRaw(归一化),GetCycleType,0,0,,
CodeBuddyFuncsRaw(归一化),GetDeltaX,0,0,,
CodeBuddyFuncsRaw(归一化),GetDeltaY,0,0,,
CodeBuddyFuncsRaw(归一化),GetDownButton,0,0,,
CodeBuddyFuncsRaw(归一化),GetEndX,0,0,,
CodeBuddyFuncsRaw(归一化),GetEndY,0,0,,
CodeBuddyFuncsRaw(归一化),GetEntries,0,0,,
CodeBuddyFuncsRaw(归一化),GetFilePath,2,0,"UIManager, __SC.C_UIManager",
CodeBuddyFuncsRaw(归一化),GetFlags,0,0,,
CodeBuddyFuncsRaw(归一化),GetFontFamilyFromStyle,2,0,"UIManager, __SC.C_UIManager",
CodeBuddyFuncsRaw(归一化),GetFontSize,0,0,,
CodeBuddyFuncsRaw(归一化),GetGestureDistance,1,0,TouchManager,
CodeBuddyFuncsRaw(归一化),GetGestureStartDistanceThreshold,1,0,TouchManager,
CodeBuddyFuncsRaw(归一化),GetGrid,0,0,,
CodeBuddyFuncsRaw(归一化),GetHash,3,0,"UIManager, UITutorialManager, __SC.C_UIManager",
CodeBuddyFuncsRaw(归一化),GetID,2,1,"__SC.C_ContextPtr, __SC.C_Control",WorldBuilder
CodeBuddyFuncsRaw(归一化),GetIndexedEntry,0,0,,
CodeBuddyFuncsRaw(归一化),GetIsBatteryCharging,2,0,"UIManager, __SC.C_UIManager",
CodeBuddyFuncsRaw(归一化),GetKey,0,0,,
CodeBuddyFuncsRaw(归一化),GetLastFrameNum,2,0,"UIManager, __SC.C_UIManager",
CodeBuddyFuncsRaw(归一化),GetLastTimeDelta,2,0,"UIManager, __SC.C_UIManager",
CodeBuddyFuncsRaw(归一化),GetLayout,2,0,"UIManager, __SC.C_UIManager",
CodeBuddyFuncsRaw(归一化),GetLeftButton,0,0,,
CodeBuddyFuncsRaw(归一化),GetLuaFileName,1,0,__SC.C_ContextPtr,
CodeBuddyFuncsRaw(归一化),GetMaxCharacters,0,0,,
CodeBuddyFuncsRaw(归一化),GetMessageType,0,0,,
CodeBuddyFuncsRaw(归一化),GetModalContexts,2,0,"UIManager, __SC.C_UIManager",
CodeBuddyFuncsRaw(归一化),GetMouseDX,0,0,,
CodeBuddyFuncsRaw(归一化),GetMouseDY,0,0,,
CodeBuddyFuncsRaw(归一化),GetMouseDelta,2,0,"UIManager, __SC.C_UIManager",
CodeBuddyFuncsRaw(归一化),GetMouseOverControls,3,0,"TunerUtilities, UIManager, __SC.C_UIManager",
CodeBuddyFuncsRaw(归一化),GetMouseOverWorld,2,0,"UIManager, __SC.C_UIManager",
CodeBuddyFuncsRaw(归一化),GetMousePos,2,0,"UIManager, __SC.C_UIManager",
CodeBuddyFuncsRaw(归一化),GetName,0,0,,
CodeBuddyFuncsRaw(归一化),GetNormalDeltaX,0,0,,
CodeBuddyFuncsRaw(归一化),GetNormalDeltaY,0,0,,
CodeBuddyFuncsRaw(归一化),GetNormalX,0,0,,
CodeBuddyFuncsRaw(归一化),GetNormalY,0,0,,
CodeBuddyFuncsRaw(归一化),GetNormalizedMousePos,2,0,"UIManager, __SC.C_UIManager",
CodeBuddyFuncsRaw(归一化),GetNumChildren,2,0,"__SC.C_ContextPtr, __SC.C_Control",
CodeBuddyFuncsRaw(归一化),GetNumSteps,0,0,,
CodeBuddyFuncsRaw(归一化),GetNumberInput,0,0,,
CodeBuddyFuncsRaw(归一化),GetOffsetVal,2,0,"__SC.C_ContextPtr, __SC.C_Control",
CodeBuddyFuncsRaw(归一化),GetOffsetX,2,0,"__SC.C_ContextPtr, __SC.C_Control",
CodeBuddyFuncsRaw(归一化),GetOffsetY,2,0,"__SC.C_ContextPtr, __SC.C_Control",
CodeBuddyFuncsRaw(归一化),GetParent,2,0,"__SC.C_ContextPtr, __SC.C_Control",
CodeBuddyFuncsRaw(归一化),GetParentByID,2,0,"__SC.C_ContextPtr, __SC.C_Control",
CodeBuddyFuncsRaw(归一化),GetParentByType,2,0,"__SC.C_ContextPtr, __SC.C_Control",
CodeBuddyFuncsRaw(归一化),GetParentRelativeOffset,2,0,"__SC.C_ContextPtr, __SC.C_Control",
CodeBuddyFuncsRaw(归一化),GetParentRelativeSizeVal,2,0,"__SC.C_ContextPtr, __SC.C_Control",
CodeBuddyFuncsRaw(归一化),GetParentRelativeSizeX,2,0,"__SC.C_ContextPtr, __SC.C_Control",
CodeBuddyFuncsRaw(归一化),GetParentRelativeSizeY,2,0,"__SC.C_ContextPtr, __SC.C_Control",
CodeBuddyFuncsRaw(归一化),GetPath,2,0,"__SC.C_ContextPtr, __SC.C_Control",
CodeBuddyFuncsRaw(归一化),GetPauseTime,0,0,,
CodeBuddyFuncsRaw(归一化),GetPercent,0,0,,
CodeBuddyFuncsRaw(归一化),GetPopupParameters,1,0,__SC.C_ContextPtr,
CodeBuddyFuncsRaw(归一化),GetPopupStack,2,0,"UIManager, __SC.C_UIManager",
CodeBuddyFuncsRaw(归一化),GetProgress,0,0,,
CodeBuddyFuncsRaw(归一化),GetRatio,0,0,,
CodeBuddyFuncsRaw(归一化),GetRightButton,0,0,,
CodeBuddyFuncsRaw(归一化),GetRootContexts,2,0,"UIManager, __SC.C_UIManager",
CodeBuddyFuncsRaw(归一化),GetRows,0,0,,
CodeBuddyFuncsRaw(归一化),GetScreenOffset,2,0,"__SC.C_ContextPtr, __SC.C_Control",
CodeBuddyFuncsRaw(归一化),GetScreenSizeVal,2,0,"UIManager, __SC.C_UIManager",
CodeBuddyFuncsRaw(归一化),GetScrollBar,0,0,,
CodeBuddyFuncsRaw(归一化),GetScrollPanel,0,0,,
CodeBuddyFuncsRaw(归一化),GetScrollValue,0,0,,
CodeBuddyFuncsRaw(归一化),GetSelectedEntry,0,0,,
CodeBuddyFuncsRaw(归一化),GetSelectedIndex,0,0,,
CodeBuddyFuncsRaw(归一化),GetSelectedTab,0,0,,
CodeBuddyFuncsRaw(归一化),GetSelectedTabID,0,0,,
CodeBuddyFuncsRaw(归一化),GetSize,2,0,"__SC.C_ContextPtr, __SC.C_Control",
CodeBuddyFuncsRaw(归一化),GetSizeVal,2,0,"__SC.C_ContextPtr, __SC.C_Control",
CodeBuddyFuncsRaw(归一化),GetSizeX,2,0,"__SC.C_ContextPtr, __SC.C_Control",
CodeBuddyFuncsRaw(归一化),GetSizeY,2,0,"__SC.C_ContextPtr, __SC.C_Control",
CodeBuddyFuncsRaw(归一化),GetStack,0,0,,
CodeBuddyFuncsRaw(归一化),GetStackPadding,0,0,,
CodeBuddyFuncsRaw(归一化),GetStartX,0,0,,
CodeBuddyFuncsRaw(归一化),GetStartY,0,0,,
CodeBuddyFuncsRaw(归一化),GetStep,0,0,,
CodeBuddyFuncsRaw(归一化),GetStickType,0,0,,
CodeBuddyFuncsRaw(归一化),GetStickX,0,0,,
CodeBuddyFuncsRaw(归一化),GetStickY,0,0,,
CodeBuddyFuncsRaw(归一化),GetTag,2,0,"__SC.C_ContextPtr, __SC.C_Control",
CodeBuddyFuncsRaw(归一化),GetText,0,0,,
CodeBuddyFuncsRaw(归一化),GetTextButton,0,0,,
CodeBuddyFuncsRaw(归一化),GetTextControl,1,0,UI,
CodeBuddyFuncsRaw(归一化),GetTextLength,0,0,,
CodeBuddyFuncsRaw(归一化),GetTexture,1,0,TunerUtilities,
CodeBuddyFuncsRaw(归一化),GetTextureName,0,0,,
CodeBuddyFuncsRaw(归一化),GetTextureSizeVal,0,0,,
CodeBuddyFuncsRaw(归一化),GetToolTipDelay,1,0,TTManager,
CodeBuddyFuncsRaw(归一化),GetToolTipPoint,1,0,TouchManager,
CodeBuddyFuncsRaw(归一化),GetToolTipString,2,0,"__SC.C_ContextPtr, __SC.C_Control",
CodeBuddyFuncsRaw(归一化),GetTouchID,0,0,,
CodeBuddyFuncsRaw(归一化),GetTouchPointCount,1,0,TouchManager,
CodeBuddyFuncsRaw(归一化),GetTouchPointDeltaFromStart,1,0,TouchManager,
CodeBuddyFuncsRaw(归一化),GetTouchPointIDByIndex,1,0,TouchManager,
CodeBuddyFuncsRaw(归一化),GetTouchPointLocation,1,0,TouchManager,
CodeBuddyFuncsRaw(归一化),GetTouchPointMaxDeltaFromStart,1,0,TouchManager,
CodeBuddyFuncsRaw(归一化),GetType,2,0,"__SC.C_ContextPtr, __SC.C_Control",
CodeBuddyFuncsRaw(归一化),GetTypeControlTable,1,0,TTManager,
CodeBuddyFuncsRaw(归一化),GetUpButton,0,0,,
CodeBuddyFuncsRaw(归一化),GetValue,4,1,"GameConfiguration, MapConfiguration, PlayerConfiguration, UserConfiguration",GameConfiguration
CodeBuddyFuncsRaw(归一化),GetVoid1,0,0,,
CodeBuddyFuncsRaw(归一化),GetVoid2,0,0,,
CodeBuddyFuncsRaw(归一化),GetWheel,0,0,,
CodeBuddyFuncsRaw(归一化),GetWidth,0,0,,
CodeBuddyFuncsRaw(归一化),GetWorldPosition,0,0,,
CodeBuddyFuncsRaw(归一化),GetX,0,0,,
CodeBuddyFuncsRaw(归一化),GetY,0,0,,
CodeBuddyFuncsRaw(归一化),GrantedMouseOver,0,0,,
CodeBuddyFuncsRaw(归一化),HasEntries,0,0,,
CodeBuddyFuncsRaw(归一化),HasFocus,0,0,,
CodeBuddyFuncsRaw(归一化),HasMouseOver,2,0,"__SC.C_ContextPtr, __SC.C_Control",
CodeBuddyFuncsRaw(归一化),HasTexture,0,0,,
CodeBuddyFuncsRaw(归一化),HasTouchOver,0,0,,
CodeBuddyFuncsRaw(归一化),HideAll,3,0,"UIManager, UITutorialManager, __SC.C_UIManager",
CodeBuddyFuncsRaw(归一化),HideControlsByID,1,0,UITutorialManager,
CodeBuddyFuncsRaw(归一化),HideScrollBar,0,0,,
CodeBuddyFuncsRaw(归一化),HighlightColoredHexes,0,0,,
CodeBuddyFuncsRaw(归一化),HighlightHexes,0,0,,
CodeBuddyFuncsRaw(归一化),IncrementPause,0,0,,
CodeBuddyFuncsRaw(归一化),InitializeStyles,0,0,,
CodeBuddyFuncsRaw(归一化),IsAbsoluteScrollEnabled,0,0,,
CodeBuddyFuncsRaw(归一化),IsActive,1,3,UITutorialManager,"Automation, AutoplayManager, WorldBuilder"
CodeBuddyFuncsRaw(归一化),IsAltDown,0,0,,
CodeBuddyFuncsRaw(归一化),IsAnyButtonDown,0,0,,
CodeBuddyFuncsRaw(归一化),IsAnyGestureStarted,1,0,TouchManager,
CodeBuddyFuncsRaw(归一化),IsChannelActive,0,0,,
CodeBuddyFuncsRaw(归一化),IsChecked,0,0,,
CodeBuddyFuncsRaw(归一化),IsControlDown,0,0,,
CodeBuddyFuncsRaw(归一化),IsDisabled,2,0,"__SC.C_ContextPtr, __SC.C_Control",
CodeBuddyFuncsRaw(归一化),IsDown,0,0,,
CodeBuddyFuncsRaw(归一化),IsDrag,0,0,,
CodeBuddyFuncsRaw(归一化),IsDrop,0,0,,
CodeBuddyFuncsRaw(归一化),IsEnabled,2,0,"__SC.C_ContextPtr, __SC.C_Control",
CodeBuddyFuncsRaw(归一化),IsExtendedFont,2,0,"UIManager, __SC.C_UIManager",
CodeBuddyFuncsRaw(归一化),IsFlippedHorizontal,0,0,,
CodeBuddyFuncsRaw(归一化),IsGamepadActive,2,0,"UIManager, __SC.C_UIManager",
CodeBuddyFuncsRaw(归一化),IsGamepadConnected,2,0,"UIManager, __SC.C_UIManager",
CodeBuddyFuncsRaw(归一化),IsGamepadSupported,2,0,"UIManager, __SC.C_UIManager",
CodeBuddyFuncsRaw(归一化),IsGamepadToolTipOn,1,0,TTManager,
CodeBuddyFuncsRaw(归一化),IsHidden,3,0,"PlayerConfiguration, __SC.C_ContextPtr, __SC.C_Control",
CodeBuddyFuncsRaw(归一化),IsHideAll,2,0,"UIManager, __SC.C_UIManager",
CodeBuddyFuncsRaw(归一化),IsHotLoad,1,0,__SC.C_ContextPtr,
CodeBuddyFuncsRaw(归一化),IsInAnyGesture,1,0,TouchManager,
CodeBuddyFuncsRaw(归一化),IsInGesture,1,0,TouchManager,
CodeBuddyFuncsRaw(归一化),IsInPause,0,0,,
CodeBuddyFuncsRaw(归一化),IsInPopupQueue,2,0,"UIManager, __SC.C_UIManager",
CodeBuddyFuncsRaw(归一化),IsLButtonDown,0,0,,
CodeBuddyFuncsRaw(归一化),IsMButtonDown,0,0,,
CodeBuddyFuncsRaw(归一化),IsModal,4,0,"UIManager, __SC.C_ContextPtr, __SC.C_Control, __SC.C_UIManager",
CodeBuddyFuncsRaw(归一化),IsNull,0,0,,
CodeBuddyFuncsRaw(归一化),IsOffBottom,0,0,,
CodeBuddyFuncsRaw(归一化),IsOpen,1,0,PopupDialog,
CodeBuddyFuncsRaw(归一化),IsOverlayEnabled,2,0,"Steam, UITutorialManager",
CodeBuddyFuncsRaw(归一化),IsPlaying,0,0,,
CodeBuddyFuncsRaw(归一化),IsPopupQueueDisabled,2,0,"UIManager, __SC.C_UIManager",
CodeBuddyFuncsRaw(归一化),IsPopupQueueEmpty,2,0,"UIManager, __SC.C_UIManager",
CodeBuddyFuncsRaw(归一化),IsRButtonDown,0,0,,
CodeBuddyFuncsRaw(归一化),IsReversing,0,0,,
CodeBuddyFuncsRaw(归一化),IsSelected,0,0,,
CodeBuddyFuncsRaw(归一化),IsShiftDown,0,0,,
CodeBuddyFuncsRaw(归一化),IsStopped,0,0,,
CodeBuddyFuncsRaw(归一化),IsTextTruncated,0,0,,
CodeBuddyFuncsRaw(归一化),IsTextureLoaded,0,0,,
CodeBuddyFuncsRaw(归一化),IsToolTipEnabled,2,0,"__SC.C_ContextPtr, __SC.C_Control",
CodeBuddyFuncsRaw(归一化),IsTooltipShowing,1,0,TTManager,
CodeBuddyFuncsRaw(归一化),IsTopModal,2,0,"UIManager, __SC.C_UIManager",
CodeBuddyFuncsRaw(归一化),IsTopOfPopupQueue,2,0,"UIManager, __SC.C_UIManager",
CodeBuddyFuncsRaw(归一化),IsTouchToolTipDisabled,1,0,TouchManager,
CodeBuddyFuncsRaw(归一化),IsTrackingLeftMouseButton,0,0,,
CodeBuddyFuncsRaw(归一化),IsTrackingMiddleMouseButton,0,0,,
CodeBuddyFuncsRaw(归一化),IsTrackingRightMouseButton,0,0,,
CodeBuddyFuncsRaw(归一化),IsTrackingTouch,0,0,,
CodeBuddyFuncsRaw(归一化),IsUsingHighlightShader,2,0,"__SC.C_ContextPtr, __SC.C_Control",
CodeBuddyFuncsRaw(归一化),IsVisible,2,1,"__SC.C_ContextPtr, __SC.C_Control",PlayerVisibility
CodeBuddyFuncsRaw(归一化),IsVisibleOnMap,0,0,,
CodeBuddyFuncsRaw(归一化),IsVisibleOnWorld,0,0,,
CodeBuddyFuncsRaw(归一化),LastHitOffset,2,0,"__SC.C_ContextPtr, __SC.C_Control",
CodeBuddyFuncsRaw(归一化),LoadNewContext,1,0,__SC.C_ContextPtr,
CodeBuddyFuncsRaw(归一化),LocalizeAndSetText,0,0,,
CodeBuddyFuncsRaw(归一化),LocalizeAndSetToolTip,2,0,"__SC.C_ContextPtr, __SC.C_Control",
CodeBuddyFuncsRaw(归一化),Log,2,1,"UIManager, __SC.C_UIManager",Automation
CodeBuddyFuncsRaw(归一化),LogAllocations,2,0,"UIManager, __SC.C_UIManager",
CodeBuddyFuncsRaw(归一化),LookUpControl,1,0,__SC.C_ContextPtr,
CodeBuddyFuncsRaw(归一化),LostMouseOver,0,0,,
CodeBuddyFuncsRaw(归一化),Pause,0,1,,Automation
CodeBuddyFuncsRaw(归一化),PauseAllEffects,1,0,EffectsManager,
CodeBuddyFuncsRaw(归一化),Play,0,0,,
CodeBuddyFuncsRaw(归一化),PlayEffect,1,0,EffectsManager,
CodeBuddyFuncsRaw(归一化),PlayEffectOneTime,1,0,EffectsManager,
CodeBuddyFuncsRaw(归一化),PlayMask,0,0,,
CodeBuddyFuncsRaw(归一化),PopAllInterrupts,2,0,"UIManager, __SC.C_UIManager",
CodeBuddyFuncsRaw(归一化),PopModal,2,0,"UIManager, __SC.C_UIManager",
CodeBuddyFuncsRaw(归一化),PrintAllocationInfo,2,0,"UIManager, __SC.C_UIManager",
CodeBuddyFuncsRaw(归一化),PushModal,2,0,"UIManager, __SC.C_UIManager",
CodeBuddyFuncsRaw(归一化),QueuePopup,2,0,"UIManager, __SC.C_UIManager",
CodeBuddyFuncsRaw(归一化),ReceiveCallbacksIfDisabled,0,0,,
CodeBuddyFuncsRaw(归一化),ReferenceCurrentGameCoreEvent,0,0,,
CodeBuddyFuncsRaw(归一化),RegisterAnimCallback,0,0,,
CodeBuddyFuncsRaw(归一化),RegisterCallback,0,0,,
CodeBuddyFuncsRaw(归一化),RegisterCharCallback,0,0,,
CodeBuddyFuncsRaw(归一化),RegisterCheckHandler,0,0,,
CodeBuddyFuncsRaw(归一化),RegisterCommitCallback,0,0,,
CodeBuddyFuncsRaw(归一化),RegisterDownEndCallback,0,0,,
CodeBuddyFuncsRaw(归一化),RegisterEndCallback,0,0,,
CodeBuddyFuncsRaw(归一化),RegisterHasFocusCallback,0,0,,
CodeBuddyFuncsRaw(归一化),RegisterLostFocusCallback,0,0,,
CodeBuddyFuncsRaw(归一化),RegisterMouseEnterCallback,2,0,"__SC.C_ContextPtr, __SC.C_Control",
CodeBuddyFuncsRaw(归一化),RegisterMouseExitCallback,2,0,"__SC.C_ContextPtr, __SC.C_Control",
CodeBuddyFuncsRaw(归一化),RegisterMouseOverCallback,2,0,"__SC.C_ContextPtr, __SC.C_Control",
CodeBuddyFuncsRaw(归一化),RegisterOpenToggleCallback,0,0,,
CodeBuddyFuncsRaw(归一化),RegisterScrollCallback,0,0,,
CodeBuddyFuncsRaw(归一化),RegisterSelectionCallback,0,0,,
CodeBuddyFuncsRaw(归一化),RegisterSizeChanged,2,0,"__SC.C_ContextPtr, __SC.C_Control",
CodeBuddyFuncsRaw(归一化),RegisterSliderCallback,0,0,,
CodeBuddyFuncsRaw(归一化),RegisterStartCallback,0,0,,
CodeBuddyFuncsRaw(归一化),RegisterStringChangedCallback,0,0,,
CodeBuddyFuncsRaw(归一化),RegisterTextureChanged,0,0,,
CodeBuddyFuncsRaw(归一化),RegisterUpEndCallback,0,0,,
CodeBuddyFuncsRaw(归一化),RegisterWhenHidden,2,0,"__SC.C_ContextPtr, __SC.C_Control",
CodeBuddyFuncsRaw(归一化),RegisterWhenShown,2,0,"__SC.C_ContextPtr, __SC.C_Control",
CodeBuddyFuncsRaw(归一化),ReleaseAndUnloadTextureByName,2,0,"UIManager, __SC.C_UIManager",
CodeBuddyFuncsRaw(归一化),ReleaseChild,2,0,"__SC.C_ContextPtr, __SC.C_Control",
CodeBuddyFuncsRaw(归一化),ReleaseGameCoreEvent,0,0,,
CodeBuddyFuncsRaw(归一化),ReleaseTextureByName,2,0,"UIManager, __SC.C_UIManager",
CodeBuddyFuncsRaw(归一化),Reload,1,0,__SC.C_ContextPtr,
CodeBuddyFuncsRaw(归一化),RemoveControlToAlwaysReceiveInput,1,0,UITutorialManager,
CodeBuddyFuncsRaw(归一化),RemoveToolTipDisplayCallback,1,0,TTManager,
CodeBuddyFuncsRaw(归一化),Reparent,2,0,"__SC.C_ContextPtr, __SC.C_Control",
CodeBuddyFuncsRaw(归一化),ReprocessAnchoring,2,0,"__SC.C_ContextPtr, __SC.C_Control",
CodeBuddyFuncsRaw(归一化),RequestRefresh,1,0,__SC.C_ContextPtr,
CodeBuddyFuncsRaw(归一化),RequestReloadUI,2,0,"UIManager, __SC.C_UIManager",
CodeBuddyFuncsRaw(归一化),RequestReprocessAnchoring,2,0,"UIManager, __SC.C_UIManager",
CodeBuddyFuncsRaw(归一化),ResetAllWaves,0,0,,
CodeBuddyFuncsRaw(归一化),ResetSelection,0,0,,
CodeBuddyFuncsRaw(归一化),Resize,0,0,,
CodeBuddyFuncsRaw(归一化),ResumeAllEffects,1,0,EffectsManager,
CodeBuddyFuncsRaw(归一化),Reverse,0,0,,
CodeBuddyFuncsRaw(归一化),Rotate,0,0,,
CodeBuddyFuncsRaw(归一化),Scale,0,0,,
CodeBuddyFuncsRaw(归一化),SelectTab,0,0,,
CodeBuddyFuncsRaw(归一化),SelectTabByID,0,0,,
CodeBuddyFuncsRaw(归一化),SendOpenState,0,0,,
CodeBuddyFuncsRaw(归一化),SendTooltipRefreshMessage,2,0,"UIManager, __SC.C_UIManager",
CodeBuddyFuncsRaw(归一化),SetAbsoluteScrollValue,0,0,,
CodeBuddyFuncsRaw(归一化),SetActiveAlways,1,0,UITutorialManager,
CodeBuddyFuncsRaw(归一化),SetAllChildrenVisible,2,0,"__SC.C_ContextPtr, __SC.C_Control",
CodeBuddyFuncsRaw(归一化),SetAlpha,2,0,"__SC.C_ContextPtr, __SC.C_Control",
CodeBuddyFuncsRaw(归一化),SetAnchor,2,0,"__SC.C_ContextPtr, __SC.C_Control",
CodeBuddyFuncsRaw(归一化),SetAndCall,0,0,,
CodeBuddyFuncsRaw(归一化),SetAnimationSpeed,0,0,,
CodeBuddyFuncsRaw(归一化),SetAppLostFocusHandler,1,0,__SC.C_ContextPtr,
CodeBuddyFuncsRaw(归一化),SetAppRegainedFocusHandler,1,0,__SC.C_ContextPtr,
CodeBuddyFuncsRaw(归一化),SetAutoSize,2,0,"__SC.C_ContextPtr, __SC.C_Control",
CodeBuddyFuncsRaw(归一化),SetAxisColor,0,0,,
CodeBuddyFuncsRaw(归一化),SetBGColor,0,0,,
CodeBuddyFuncsRaw(归一化),SetBackgroundColor,0,0,,
CodeBuddyFuncsRaw(归一化),SetBeginVal,0,0,,
CodeBuddyFuncsRaw(归一化),SetBorderColors,0,0,,
CodeBuddyFuncsRaw(归一化),SetBorderStyle,0,0,,
CodeBuddyFuncsRaw(归一化),SetButtonHighlightColor,2,0,"__SC.C_ContextPtr, __SC.C_Control",
CodeBuddyFuncsRaw(归一化),SetButtonIconText,0,0,,
CodeBuddyFuncsRaw(归一化),SetChannelOff,0,0,,
CodeBuddyFuncsRaw(归一化),SetChannelOn,0,0,,
CodeBuddyFuncsRaw(归一化),SetCheck,0,0,,
CodeBuddyFuncsRaw(归一化),SetCheckColor,0,0,,
CodeBuddyFuncsRaw(归一化),SetCheckTexture,0,0,,
CodeBuddyFuncsRaw(归一化),SetCheckTextureOffsetVal,0,0,,
CodeBuddyFuncsRaw(归一化),SetCheckTextureSizeVal,0,0,,
CodeBuddyFuncsRaw(归一化),SetClipboardString,2,0,"UIManager, __SC.C_UIManager",
CodeBuddyFuncsRaw(归一化),SetColor,2,0,"__SC.C_ContextPtr, __SC.C_Control",
CodeBuddyFuncsRaw(归一化),SetColorAsNorm,0,0,,
CodeBuddyFuncsRaw(归一化),SetColorByName,2,0,"__SC.C_ContextPtr, __SC.C_Control",
CodeBuddyFuncsRaw(归一化),SetColorVal,0,0,,
CodeBuddyFuncsRaw(归一化),SetConcentricStyle,0,0,,
CodeBuddyFuncsRaw(归一化),SetConsumeMouseButton,3,0,"TunerUtilities, __SC.C_ContextPtr, __SC.C_Control",
CodeBuddyFuncsRaw(归一化),SetConsumeMouseOver,2,0,"__SC.C_ContextPtr, __SC.C_Control",
CodeBuddyFuncsRaw(归一化),SetConsumeMouseWheel,3,0,"TunerUtilities, __SC.C_ContextPtr, __SC.C_Control",
CodeBuddyFuncsRaw(归一化),SetCounterClockwise,0,0,,
CodeBuddyFuncsRaw(归一化),SetCycleType,0,0,,
CodeBuddyFuncsRaw(归一化),SetDisabled,2,0,"__SC.C_ContextPtr, __SC.C_Control",
CodeBuddyFuncsRaw(归一化),SetDomain,0,0,,
CodeBuddyFuncsRaw(归一化),SetDrawControlBounds,2,0,"UIManager, __SC.C_UIManager",
CodeBuddyFuncsRaw(归一化),SetEnableSpaceReplacement,0,0,,
CodeBuddyFuncsRaw(归一化),SetEnabled,2,0,"__SC.C_ContextPtr, __SC.C_Control",
CodeBuddyFuncsRaw(归一化),SetEndPauseTime,0,0,,
CodeBuddyFuncsRaw(归一化),SetEndVal,0,0,,
CodeBuddyFuncsRaw(归一化),SetEndX,0,0,,
CodeBuddyFuncsRaw(归一化),SetEndY,0,0,,
CodeBuddyFuncsRaw(归一化),SetEntries,0,0,,
CodeBuddyFuncsRaw(归一化),SetEntrySelected,0,0,,
CodeBuddyFuncsRaw(归一化),SetEntrySelectedCallback,0,0,,
CodeBuddyFuncsRaw(归一化),SetEntrySubButtonClickedCallback,0,0,,
CodeBuddyFuncsRaw(归一化),SetFGColor,0,0,,
CodeBuddyFuncsRaw(归一化),SetFocus,0,0,,
CodeBuddyFuncsRaw(归一化),SetFocusStop,0,0,,
CodeBuddyFuncsRaw(归一化),SetFollow,0,0,,
CodeBuddyFuncsRaw(归一化),SetFontFamily,0,0,,
CodeBuddyFuncsRaw(归一化),SetFontSize,0,0,,
CodeBuddyFuncsRaw(归一化),SetForceIME,0,0,,
CodeBuddyFuncsRaw(归一化),SetForceNonIME,0,0,,
CodeBuddyFuncsRaw(归一化),SetFrame,0,0,,
CodeBuddyFuncsRaw(归一化),SetGamepadToolTipOn,1,0,TTManager,
CodeBuddyFuncsRaw(归一化),SetGestureStartDistanceThreshold,1,0,TouchManager,
CodeBuddyFuncsRaw(归一化),SetGlobalInputHandler,2,0,"UIManager, __SC.C_UIManager",
CodeBuddyFuncsRaw(归一化),SetGridColor,0,0,,
CodeBuddyFuncsRaw(归一化),SetHide,2,0,"__SC.C_ContextPtr, __SC.C_Control",
CodeBuddyFuncsRaw(归一化),SetHideHandler,1,0,__SC.C_ContextPtr,
CodeBuddyFuncsRaw(归一化),SetHighlightColor,0,0,,
CodeBuddyFuncsRaw(归一化),SetID,2,1,"__SC.C_ContextPtr, __SC.C_Control",WorldBuilder
CodeBuddyFuncsRaw(归一化),SetIcon,0,0,,
CodeBuddyFuncsRaw(归一化),SetIndexSelected,0,0,,
CodeBuddyFuncsRaw(归一化),SetInitHandler,1,0,__SC.C_ContextPtr,
CodeBuddyFuncsRaw(归一化),SetInputHandler,1,1,__SC.C_ContextPtr,Automation
CodeBuddyFuncsRaw(归一化),SetLinearColor,0,0,,
CodeBuddyFuncsRaw(归一化),SetMask,0,0,,
CodeBuddyFuncsRaw(归一化),SetMaskOffset,0,0,,
CodeBuddyFuncsRaw(归一化),SetMaskOffsetVal,0,0,,
CodeBuddyFuncsRaw(归一化),SetMaskSize,0,0,,
CodeBuddyFuncsRaw(归一化),SetMaskSizeVal,0,0,,
CodeBuddyFuncsRaw(归一化),SetMaskTexture,0,0,,
CodeBuddyFuncsRaw(归一化),SetMaxCharacters,0,0,,
CodeBuddyFuncsRaw(归一化),SetModal,2,0,"__SC.C_ContextPtr, __SC.C_Control",
CodeBuddyFuncsRaw(归一化),SetMovie,0,0,,
CodeBuddyFuncsRaw(归一化),SetMovieFinishedCallback,0,0,,
CodeBuddyFuncsRaw(归一化),SetMovieFrameCallback,0,0,,
CodeBuddyFuncsRaw(归一化),SetNoClip,2,0,"__SC.C_ContextPtr, __SC.C_Control",
CodeBuddyFuncsRaw(归一化),SetNumSteps,0,0,,
CodeBuddyFuncsRaw(归一化),SetNumberInput,0,0,,
CodeBuddyFuncsRaw(归一化),SetOffset,2,0,"__SC.C_ContextPtr, __SC.C_Control",
CodeBuddyFuncsRaw(归一化),SetOffsetVal,2,0,"__SC.C_ContextPtr, __SC.C_Control",
CodeBuddyFuncsRaw(归一化),SetOffsetX,2,0,"__SC.C_ContextPtr, __SC.C_Control",
CodeBuddyFuncsRaw(归一化),SetOffsetY,2,0,"__SC.C_ContextPtr, __SC.C_Control",
CodeBuddyFuncsRaw(归一化),SetParentRelativeSize,2,0,"__SC.C_ContextPtr, __SC.C_Control",
CodeBuddyFuncsRaw(归一化),SetParentRelativeSizeVal,2,0,"__SC.C_ContextPtr, __SC.C_Control",
CodeBuddyFuncsRaw(归一化),SetParentRelativeSizeX,2,0,"__SC.C_ContextPtr, __SC.C_Control",
CodeBuddyFuncsRaw(归一化),SetParentRelativeSizeY,2,0,"__SC.C_ContextPtr, __SC.C_Control",
CodeBuddyFuncsRaw(归一化),SetPauseTime,0,0,,
CodeBuddyFuncsRaw(归一化),SetPercent,0,0,,
CodeBuddyFuncsRaw(归一化),SetPercents,0,0,,
CodeBuddyFuncsRaw(归一化),SetPlotChannel,0,0,,
CodeBuddyFuncsRaw(归一化),SetPlotColor,0,0,,
CodeBuddyFuncsRaw(归一化),SetPopupChangeHandler,2,0,"UIManager, __SC.C_UIManager",
CodeBuddyFuncsRaw(归一化),SetPostInit,1,0,__SC.C_ContextPtr,
CodeBuddyFuncsRaw(归一化),SetPressureStyle,0,0,,
CodeBuddyFuncsRaw(归一化),SetProgress,0,0,,
CodeBuddyFuncsRaw(归一化),SetRange,0,0,,
CodeBuddyFuncsRaw(归一化),SetReduceWidth,0,0,,
CodeBuddyFuncsRaw(归一化),SetRefreshHandler,1,0,__SC.C_ContextPtr,
CodeBuddyFuncsRaw(归一化),SetRelativeEndVal,0,0,,
CodeBuddyFuncsRaw(归一化),SetScrollValue,0,0,,
CodeBuddyFuncsRaw(归一化),SetSelected,0,0,,
CodeBuddyFuncsRaw(归一化),SetSelectedIndex,0,0,,
CodeBuddyFuncsRaw(归一化),SetShadowColor,0,0,,
CodeBuddyFuncsRaw(归一化),SetShadowPercent,0,0,,
CodeBuddyFuncsRaw(归一化),SetShow,2,0,"__SC.C_ContextPtr, __SC.C_Control",
CodeBuddyFuncsRaw(归一化),SetShowHandler,1,0,__SC.C_ContextPtr,
CodeBuddyFuncsRaw(归一化),SetShowHideHandler,1,0,__SC.C_ContextPtr,
CodeBuddyFuncsRaw(归一化),SetShowOnMouseOut,2,0,"__SC.C_ContextPtr, __SC.C_Control",
CodeBuddyFuncsRaw(归一化),SetShowOnMouseOver,2,0,"__SC.C_ContextPtr, __SC.C_Control",
CodeBuddyFuncsRaw(归一化),SetShutdown,1,0,__SC.C_ContextPtr,
CodeBuddyFuncsRaw(归一化),SetShutdownGamepad,1,0,__SC.C_ContextPtr,
CodeBuddyFuncsRaw(归一化),SetSize,3,0,"PopupDialog, __SC.C_ContextPtr, __SC.C_Control",
CodeBuddyFuncsRaw(归一化),SetSizeToText,0,0,,
CodeBuddyFuncsRaw(归一化),SetSizeVal,2,0,"__SC.C_ContextPtr, __SC.C_Control",
CodeBuddyFuncsRaw(归一化),SetSizeX,2,0,"__SC.C_ContextPtr, __SC.C_Control",
CodeBuddyFuncsRaw(归一化),SetSizeY,2,0,"__SC.C_ContextPtr, __SC.C_Control",
CodeBuddyFuncsRaw(归一化),SetSpeed,0,0,,
CodeBuddyFuncsRaw(归一化),SetStackPadding,0,0,,
CodeBuddyFuncsRaw(归一化),SetStartVal,0,0,,
CodeBuddyFuncsRaw(归一化),SetStartX,0,0,,
CodeBuddyFuncsRaw(归一化),SetStartY,0,0,,
CodeBuddyFuncsRaw(归一化),SetStep,0,0,,
CodeBuddyFuncsRaw(归一化),SetStepAndCall,0,0,,
CodeBuddyFuncsRaw(归一化),SetString,0,0,,
CodeBuddyFuncsRaw(归一化),SetStyle,0,0,,
CodeBuddyFuncsRaw(归一化),SetTabSelectedCallback,0,0,,
CodeBuddyFuncsRaw(归一化),SetTag,2,0,"__SC.C_ContextPtr, __SC.C_Control",
CodeBuddyFuncsRaw(归一化),SetText,0,0,,
CodeBuddyFuncsRaw(归一化),SetTexture,1,0,TunerUtilities,
CodeBuddyFuncsRaw(归一化),SetTextureAndMask,0,0,,
CodeBuddyFuncsRaw(归一化),SetTextureOffset,0,0,,
CodeBuddyFuncsRaw(归一化),SetTextureOffsetVal,0,0,,
CodeBuddyFuncsRaw(归一化),SetTextureSize,0,0,,
CodeBuddyFuncsRaw(归一化),SetTextureSizeVal,0,0,,
CodeBuddyFuncsRaw(归一化),SetToBeginning,0,0,,
CodeBuddyFuncsRaw(归一化),SetToEnd,0,0,,
CodeBuddyFuncsRaw(归一化),SetToolTipCallback,2,0,"__SC.C_ContextPtr, __SC.C_Control",
CodeBuddyFuncsRaw(归一化),SetToolTipDelay,1,0,TTManager,
CodeBuddyFuncsRaw(归一化),SetToolTipString,3,0,"TTManager, __SC.C_ContextPtr, __SC.C_Control",
CodeBuddyFuncsRaw(归一化),SetToolTipType,3,0,"TTManager, __SC.C_ContextPtr, __SC.C_Control",
CodeBuddyFuncsRaw(归一化),SetTruncateHeight,0,0,,
CodeBuddyFuncsRaw(归一化),SetTruncateWidth,0,0,,
CodeBuddyFuncsRaw(归一化),SetUICursor,2,0,"UIManager, __SC.C_UIManager",
CodeBuddyFuncsRaw(归一化),SetUnCheckColor,0,0,,
CodeBuddyFuncsRaw(归一化),SetUnCheckTexture,0,0,,
CodeBuddyFuncsRaw(归一化),SetUnCheckTextureOffsetVal,0,0,,
CodeBuddyFuncsRaw(归一化),SetUnCheckTextureSizeVal,0,0,,
CodeBuddyFuncsRaw(归一化),SetUpdate,1,0,__SC.C_ContextPtr,
CodeBuddyFuncsRaw(归一化),SetUpdateGamepad,1,0,__SC.C_ContextPtr,
CodeBuddyFuncsRaw(归一化),SetUseHighlightShader,2,0,"__SC.C_ContextPtr, __SC.C_Control",
CodeBuddyFuncsRaw(归一化),SetValue,4,0,"GameConfiguration, MapConfiguration, PlayerConfiguration, UserConfiguration",
CodeBuddyFuncsRaw(归一化),SetVisState,0,0,,
CodeBuddyFuncsRaw(归一化),SetVisible,0,0,,
CodeBuddyFuncsRaw(归一化),SetVisibleOnMap,0,0,,
CodeBuddyFuncsRaw(归一化),SetVisibleOnWorld,0,0,,
CodeBuddyFuncsRaw(归一化),SetVoid1,0,0,,
CodeBuddyFuncsRaw(归一化),SetVoid2,0,0,,
CodeBuddyFuncsRaw(归一化),SetVoids,0,0,,
CodeBuddyFuncsRaw(归一化),SetWidth,0,0,,
CodeBuddyFuncsRaw(归一化),SetWorldEndVal,0,0,,
CodeBuddyFuncsRaw(归一化),SetWorldPosition,0,0,,
CodeBuddyFuncsRaw(归一化),SetWorldPositionOffset,0,0,,
CodeBuddyFuncsRaw(归一化),SetWorldPositionOffsetVal,0,0,,
CodeBuddyFuncsRaw(归一化),SetWorldPositionVal,0,0,,
CodeBuddyFuncsRaw(归一化),SetWorldStartVal,0,0,,
CodeBuddyFuncsRaw(归一化),SetWrapWidth,0,0,,
CodeBuddyFuncsRaw(归一化),SetXNumberInterval,0,0,,
CodeBuddyFuncsRaw(归一化),SetXTickInterval,0,0,,
CodeBuddyFuncsRaw(归一化),SetYNumberInterval,0,0,,
CodeBuddyFuncsRaw(归一化),SetYTickInterval,0,0,,
CodeBuddyFuncsRaw(归一化),SetZoomOffsetFar,0,0,,
CodeBuddyFuncsRaw(归一化),SetZoomOffsetFarVal,0,0,,
CodeBuddyFuncsRaw(归一化),SetZoomOffsetNear,0,0,,
CodeBuddyFuncsRaw(归一化),SetZoomOffsetNearVal,0,0,,
CodeBuddyFuncsRaw(归一化),ShowBorders,0,0,,
CodeBuddyFuncsRaw(归一化),ShowControlsByID,1,0,UITutorialManager,
CodeBuddyFuncsRaw(归一化),ShowDelayedPopups,2,0,"UIManager, __SC.C_UIManager",
CodeBuddyFuncsRaw(归一化),ShowHGridLines,0,0,,
CodeBuddyFuncsRaw(归一化),ShowHighlights,0,0,,
CodeBuddyFuncsRaw(归一化),ShowVGridLines,0,0,,
CodeBuddyFuncsRaw(归一化),ShowXAxis,0,0,,
CodeBuddyFuncsRaw(归一化),ShowXNumbers,0,0,,
CodeBuddyFuncsRaw(归一化),ShowXTicks,0,0,,
CodeBuddyFuncsRaw(归一化),ShowYAxis,0,0,,
CodeBuddyFuncsRaw(归一化),ShowYNumbers,0,0,,
CodeBuddyFuncsRaw(归一化),ShowYTicks,0,0,,
CodeBuddyFuncsRaw(归一化),SortChildren,2,0,"__SC.C_ContextPtr, __SC.C_Control",
CodeBuddyFuncsRaw(归一化),StartDrag,0,0,,
CodeBuddyFuncsRaw(归一化),Stop,0,0,,
CodeBuddyFuncsRaw(归一化),StopAllEffects,1,0,EffectsManager,
CodeBuddyFuncsRaw(归一化),StopDrag,0,0,,
CodeBuddyFuncsRaw(归一化),StopEffect,1,0,EffectsManager,
CodeBuddyFuncsRaw(归一化),StopSnapBack,0,0,,
CodeBuddyFuncsRaw(归一化),StrategicView_ClearReferenceMap,0,0,,
CodeBuddyFuncsRaw(归一化),StrategicView_GetReferenceMapAlpha,0,0,,
CodeBuddyFuncsRaw(归一化),StrategicView_SetReferenceMap,0,0,,
CodeBuddyFuncsRaw(归一化),StrategicView_SetReferenceMapAlpha,0,0,,
CodeBuddyFuncsRaw(归一化),TakeFocus,0,0,,
CodeBuddyFuncsRaw(归一化),ToButtonControl,2,0,"__SC.C_ContextPtr, __SC.C_Control",
CodeBuddyFuncsRaw(归一化),ToControlBase,2,0,"__SC.C_ContextPtr, __SC.C_Control",
CodeBuddyFuncsRaw(归一化),ToggleEntrySelected,0,0,,
CodeBuddyFuncsRaw(归一化),ToggleIndexSelected,0,0,,
CodeBuddyFuncsRaw(归一化),TrySetIcon,0,0,,
CodeBuddyFuncsRaw(归一化),TypeInfo,0,0,,
CodeBuddyFuncsRaw(归一化),UnFocus,0,0,,
CodeBuddyFuncsRaw(归一化),UnifyClickAndTap,1,0,__SC.C_ContextPtr,
CodeBuddyFuncsRaw(归一化),UnloadTexture,0,0,,
CodeBuddyFuncsRaw(归一化),UpdateDrag,0,0,,
CodeBuddyFuncsRaw(归一化),WasAnyGestureStarted,1,0,TouchManager,
CodeBuddyFuncsRaw(归一化),WasInAnyGesture,1,0,TouchManager,
CodeBuddyFuncsRaw(归一化),WasInGesture,1,0,TouchManager,
