命名空间/类,调用形态,文档可用性,条目数,GP存在,UI存在,GP不可判,UI不可判,双端,仅GP,仅UI,双端未见,一致,文档偏窄,文档偏宽,文档存疑,无法验证,文档转储,动态代理
CodeBuddyFuncs,Dot (Global),Both,595,0,0,0,0,0,0,0,595,0,0,0,0,0,595,0
CodeBuddyFuncsRaw,Dot (Global),Both,595,0,0,0,0,0,0,0,595,0,0,0,0,0,595,0
Player,Colon (Instance),UI,475,242,328,0,0,122,120,206,27,448,0,15,12,0,0,0
City,Dot (Global),Both,280,117,225,0,0,62,55,163,0,279,0,1,0,0,0,0
UI,Dot (Global),UI,261,0,246,20,0,0,0,246,15,246,0,5,10,0,0,0
Game,Dot (Global),UI,244,114,206,0,0,79,35,127,3,241,0,2,1,0,0,0
Unit,Colon (Instance),Both,171,119,107,0,0,59,60,48,4,167,0,4,0,0,0,0
Plot,Colon (Instance),Both,111,111,109,0,0,109,2,0,0,111,0,0,0,0,0,0
Network,Dot (Global),UI,110,0,110,0,0,0,0,110,0,110,0,0,0,0,0,0
WorldBuilder,Dot (Global),Both,101,101,2,0,0,2,99,0,0,101,0,0,0,0,0,0
Control,Colon (Instance),UI,84,0,84,84,0,0,0,84,0,84,0,0,0,0,0,0
GameConfiguration,Dot (Global),UI,83,10,83,0,0,10,0,73,0,83,0,0,0,0,0,0
Modding,Dot (Global),Both,60,0,58,0,0,0,0,58,2,58,0,2,0,0,0,0
PlayerConfiguration,Colon (Instance),Both,57,18,55,0,0,16,2,39,0,57,0,0,0,0,0,0
TunerUtilities,Dot (Global),Both,57,0,57,0,0,0,0,57,0,0,0,57,0,0,0,0
UnitManager,Dot (Global),GamePlay,55,19,31,0,0,4,15,27,9,46,0,2,7,0,0,0
UserConfiguration,Dot (Global),UI,53,0,53,0,0,0,0,53,0,53,0,0,0,0,0,0
GameClimate,Dot (Global),Both,51,51,51,0,0,51,0,0,0,51,0,0,0,0,0,0
Map,Dot (Global),GamePlay,44,31,37,0,0,28,3,9,4,40,0,3,1,0,0,0
ContextPtr,Colon (Instance),UI,43,0,43,0,0,0,0,43,0,43,0,0,0,0,0,0
AssetPreview,Dot (Global),UI,41,0,41,0,0,0,0,41,0,41,0,0,0,0,0,0
GameEffects,Dot (Global),Both,40,40,40,0,0,40,0,0,0,40,0,0,0,0,0,0
DiplomacyDealItem,Colon (Instance),Both,38,0,0,38,38,0,0,0,38,0,0,0,0,38,0,0
PlayerManager,Dot (Global),GamePlay,33,31,22,0,0,20,11,2,0,33,0,0,0,0,0,0
Locale,Dot (Global),Both,32,31,31,0,0,31,0,0,1,31,0,1,0,0,0,0
Notification,Colon (Instance),Both,30,0,0,30,30,0,0,0,30,0,0,0,0,30,0,0
math,Dot (Global),Both,30,30,30,0,0,30,0,0,0,30,0,0,0,0,0,0
UILens,Dot (Global),UI,30,0,29,0,0,0,0,29,1,29,0,1,0,0,0,0
UIManager,Colon (Instance),UI,30,0,30,0,0,0,0,30,0,30,0,0,0,0,0,0
Input,Dot (Global),UI,29,0,26,0,0,0,0,26,3,26,0,0,3,0,0,0
GameSummary,Dot (Global),Both,29,29,10,0,0,10,19,0,0,1,9,19,0,0,0,0
Automation,Dot (Global),Both,25,25,25,0,0,25,0,0,0,25,0,0,0,0,0,0
WorldBuilderResourceGenerator,Colon (Instance),Both,25,0,0,23,23,0,0,0,25,0,0,2,0,23,0,0
Events,Dot (Global),UI,25,20,20,0,0,20,0,0,5,7,13,0,5,0,0,0
DiplomacyDeal,Colon (Instance),Both,24,0,0,24,24,0,0,0,24,0,0,0,0,24,0,0
TerrainBuilder,Dot (Global),GamePlay,24,22,0,0,0,0,22,0,2,22,0,0,2,0,0,0
HallofFame,Dot (Global),UI,23,0,23,0,0,0,0,23,0,23,0,0,0,0,0,0
Options,Dot (Global),UI,22,0,22,0,0,0,0,22,0,22,0,0,0,0,0,0
AutoProfiler,Dot (Global),UI,22,0,22,0,0,0,0,22,0,22,0,0,0,0,0,0
FiraxisLive,Dot (Global),UI,22,0,22,0,0,0,0,22,0,22,0,0,0,0,0,0
CityManager,Dot (Global),GamePlay,20,12,12,0,0,4,8,8,0,20,0,0,0,0,0,0
Territories,Dot (Global),Both,20,20,19,0,0,19,1,0,0,20,0,0,0,0,0,0
PopupDialog,Colon (Instance),UI,20,0,20,0,0,0,0,20,0,20,0,0,0,0,0,0
RiverManager,Dot (Global),Both,19,19,19,0,0,19,0,0,0,19,0,0,0,0,0,0
Steam,Dot (Global),UI,19,0,19,0,0,0,0,19,0,19,0,0,0,0,0,0
TouchManager,Colon (Instance),UI,18,0,18,0,0,0,0,18,0,18,0,0,0,0,0,0
DiplomacyManager,Dot (Global),UI,16,0,16,0,0,0,0,16,0,16,0,0,0,0,0,0
MapConfiguration,Dot (Global),UI,16,2,16,0,0,2,0,14,0,16,0,0,0,0,0,0
InputStruct,Colon (Instance),UI,16,0,0,16,16,0,0,0,16,0,0,0,0,16,0,0
SimUnitSystem,Dot (Global),UI,16,0,16,0,0,0,0,16,0,16,0,0,0,0,0,0
ToolTipHelper,Dot (Global),Both,15,0,15,0,0,0,0,15,0,0,0,15,0,0,0,0
DealManager,Dot (Global),UI,14,11,11,0,0,9,2,2,1,13,0,1,0,0,0,0
Units,Dot (Global),Both,14,9,14,0,0,9,0,5,0,14,0,0,0,0,0,0
StartPositioner,Dot (Global),GamePlay,14,14,0,0,0,0,14,0,0,14,0,0,0,0,0,0
PlayerVisibility,Colon (Instance),GamePlay,13,10,0,0,0,0,10,0,3,6,0,5,2,0,0,0
UITutorialManager,Colon (Instance),UI,13,0,13,0,0,0,0,13,0,13,0,0,0,0,0,0
MapPinConfiguration,Colon (Instance),UI,13,0,0,13,13,0,0,0,13,0,0,0,0,13,0,0
g_ToolTipGenerators,Dot (Global),Both,13,0,13,0,0,0,0,13,0,0,0,13,0,0,0,0
PopupDialogInGame,Colon (Instance),UI,13,0,13,0,0,0,0,13,0,13,0,0,0,0,0,0
MapFeatureManager,Dot (Global),Both,12,12,12,0,0,12,0,0,0,12,0,0,0,0,0,0
Matchmaking,Dot (Global),UI,12,0,12,0,0,0,0,12,0,12,0,0,0,0,0,0
TTManager,Colon (Instance),UI,12,0,12,0,0,0,0,12,0,12,0,0,0,0,0,0
DB,Dot (Global),Both,11,11,11,0,0,11,0,0,0,11,0,0,0,0,0,0
AutoplayManager,Dot (Global),Both,11,11,11,0,0,11,0,0,0,11,0,0,0,0,0,0
NotificationManager,Dot (Global),Both,10,10,10,0,0,10,0,0,0,10,0,0,0,0,0,0
WorldView,Dot (Global),UI,10,0,10,0,0,0,0,10,0,10,0,0,0,0,0,0
InstanceManager,Colon (Instance),Both,10,0,10,0,0,0,0,10,0,0,0,10,0,0,0,0
FeatureGenerator,Colon (Instance),Both,10,0,10,0,0,0,0,10,0,0,0,10,0,0,0,0
CombatManager,Dot (Global),Both,9,9,9,0,0,9,0,0,0,9,0,0,0,0,0,0
Achievements,Dot (Global),UI,9,9,9,0,0,9,0,0,0,0,9,0,0,0,0,0
TerrainManager,Dot (Global),GamePlay,8,8,5,0,0,5,3,0,0,8,0,0,0,0,0,0
MapRoutes,Dot (Global),Both,8,3,3,0,0,3,0,0,5,3,0,5,0,0,0,0
Search,Dot (Global),UI,8,0,8,0,0,0,0,8,0,8,0,0,0,0,0,0
IconManager,Colon (Instance),UI,8,0,3,0,0,0,0,3,5,3,0,0,5,0,0,0
Path,Dot (Global),Both,7,7,7,0,0,7,0,0,0,7,0,0,0,0,0,0
Areas,Dot (Global),GamePlay,7,7,0,0,0,0,7,0,0,7,0,0,0,0,0,0
EffectsManager,Colon (Instance),UI,7,0,7,0,0,0,0,7,0,7,0,0,0,0,0,0
DirtyComponents,Colon (Instance),UI,7,0,7,7,0,0,0,7,0,7,0,0,0,0,0,0
FreeCities,Colon (Instance),GamePlay,7,0,0,7,7,0,0,0,7,0,0,0,0,7,0,0
Cities,Dot (Global),GamePlay,6,6,4,0,0,4,2,0,0,6,0,0,0,0,0,0
GameRandomEvents,Dot (Global),GamePlay,6,6,5,0,0,5,1,0,0,6,0,0,0,0,0,0
ResourceBuilder,Dot (Global),GamePlay,6,6,0,0,0,0,6,0,0,6,0,0,0,0,0,0
os,Dot (Global),Both,6,6,6,0,0,6,0,0,0,6,0,0,0,0,0,0
Benchmark,Dot (Global),UI,6,0,6,0,0,0,0,6,0,6,0,0,0,0,0,0
Fractal,Dot (Global),GamePlay,6,3,0,3,3,0,3,0,3,3,0,0,0,3,0,0
NaturalWonderGenerator,Colon (Instance),Both,6,0,6,0,0,0,0,6,0,0,0,6,0,0,0,0
Calendar,Dot (Global),Both,5,0,5,0,0,0,0,5,0,0,0,5,0,0,0,0
GenerationalInstanceManager,Colon (Instance),Both,5,0,5,0,0,0,0,5,0,0,0,5,0,0,0,0
PullDownInstanceManager,Colon (Instance),Both,5,0,5,0,0,0,0,5,0,0,0,5,0,0,0,0
ImprovementBuilder,Dot (Global),GamePlay,4,4,0,0,0,0,4,0,0,4,0,0,0,0,0,0
RouteBuilder,Dot (Global),Both,4,4,0,0,0,0,4,0,0,0,0,4,0,0,0,0
UITree,Dot (Global),UI,4,0,4,0,0,0,0,4,0,4,0,0,0,0,0,0
PlayerVisibilityManager,Dot (Global),UI,3,3,3,0,0,3,0,0,0,1,2,0,0,0,0,0
GameCapabilities,Dot (Global),Both,3,3,3,0,0,3,0,0,0,3,0,0,0,0,0,0
ReportingEvents,Dot (Global),Both,3,3,3,0,0,3,0,0,0,3,0,0,0,0,0,0
AreaBuilder,Dot (Global),GamePlay,3,3,0,0,0,0,3,0,0,3,0,0,0,0,0,0
DirtyComponentsManager,Dot (Global),UI,3,0,3,0,0,0,0,3,0,3,0,0,0,0,0,0
Definitions,Dot (Global),UI,3,0,3,0,0,0,0,3,0,3,0,0,0,0,0,0
serialize,Dot (Global),Both,3,3,3,0,0,3,0,0,0,3,0,0,0,0,0,0
Relationship,Dot (Global),Both,3,0,0,0,0,0,0,0,3,0,0,3,0,0,0,0
Tools,Dot (Global),Both,3,0,0,0,0,0,0,0,3,0,0,3,0,0,0,0
json,Dot (Global),Both,3,0,0,0,0,0,0,0,3,0,0,3,0,0,0,0
Tests.QuitApp,Dot (Global),Both,2,0,0,0,0,0,0,0,2,0,0,2,0,0,0,0
Tests.QuitGame,Dot (Global),Both,2,0,0,0,0,0,0,0,2,0,0,2,0,0,0,0
Tests.PauseGame,Dot (Global),Both,2,0,0,0,0,0,0,0,2,0,0,2,0,0,0,0
Tests.End,Dot (Global),Both,2,0,0,0,0,0,0,0,2,0,0,2,0,0,0,0
GameInfo,Dot (Global),Both,1,1,1,0,0,1,0,0,0,1,0,0,0,0,0,0
Adjacency_YieldChanges,Dot (Global),Both,1,1,1,0,0,1,0,0,0,1,0,0,0,0,0,0
Alliances,Dot (Global),Both,1,1,1,0,0,1,0,0,0,1,0,0,0,0,0,0
AppealHousingChanges,Dot (Global),Both,1,1,1,0,0,1,0,0,0,1,0,0,0,0,0,0
BeliefModifiers,Dot (Global),Both,1,1,1,0,0,1,0,0,0,1,0,0,0,0,0,0
Beliefs,Dot (Global),Both,1,1,1,0,0,1,0,0,0,1,0,0,0,0,0,0
Boosts,Dot (Global),Both,1,1,1,0,0,1,0,0,0,1,0,0,0,0,0,0
BuildingModifiers,Dot (Global),Both,1,1,1,0,0,1,0,0,0,1,0,0,0,0,0,0
BuildingPrereqs,Dot (Global),Both,1,1,1,0,0,1,0,0,0,1,0,0,0,0,0,0
BuildingReplaces,Dot (Global),Both,1,1,1,0,0,1,0,0,0,1,0,0,0,0,0,0
Building_CitizenYieldChanges,Dot (Global),Both,1,1,1,0,0,1,0,0,0,1,0,0,0,0,0,0
Building_GreatPersonPoints,Dot (Global),Both,1,1,1,0,0,1,0,0,0,1,0,0,0,0,0,0
Building_GreatWorks,Dot (Global),Both,1,1,1,0,0,1,0,0,0,1,0,0,0,0,0,0
Building_YieldChanges,Dot (Global),Both,1,1,1,0,0,1,0,0,0,1,0,0,0,0,0,0
Buildings,Dot (Global),Both,1,1,1,0,0,1,0,0,0,1,0,0,0,0,0,0
Buildings_XP2,Dot (Global),Both,1,1,1,0,0,1,0,0,0,1,0,0,0,0,0,0
CivilizationCitizenNames,Dot (Global),Both,1,1,1,0,0,1,0,0,0,1,0,0,0,0,0,0
CivilizationTraits,Dot (Global),Both,1,1,1,0,0,1,0,0,0,1,0,0,0,0,0,0
Civilizations,Dot (Global),Both,1,1,1,0,0,1,0,0,0,1,0,0,0,0,0,0
Civics,Dot (Global),Both,1,1,1,0,0,1,0,0,0,1,0,0,0,0,0,0
Civics_XP2,Dot (Global),Both,1,1,1,0,0,1,0,0,0,1,0,0,0,0,0,0
Colors,Dot (Global),Both,1,1,1,0,0,1,0,0,0,1,0,0,0,0,0,0
CommemorationBonuses,Dot (Global),Both,1,0,0,0,0,0,0,0,1,0,0,1,0,0,0,0
CorporationNames,Dot (Global),Both,1,1,1,0,0,1,0,0,0,1,0,0,0,0,0,0
DiplomacyActions,Dot (Global),Both,1,0,0,0,0,0,0,0,1,0,0,1,0,0,0,0
DiplomacySelections,Dot (Global),Both,1,1,1,0,0,1,0,0,0,1,0,0,0,0,0,0
DiplomacyStatements,Dot (Global),Both,1,1,1,0,0,1,0,0,0,1,0,0,0,0,0,0
DistrictBuildings,Dot (Global),Both,1,0,0,0,0,0,0,0,1,0,0,1,0,0,0,0
District_Adjacencies,Dot (Global),Both,1,1,1,0,0,1,0,0,0,1,0,0,0,0,0,0
District_CitizenYieldChanges,Dot (Global),Both,1,1,1,0,0,1,0,0,0,1,0,0,0,0,0,0
Districts,Dot (Global),Both,1,1,1,0,0,1,0,0,0,1,0,0,0,0,0,0
DynamicModifiers,Dot (Global),Both,1,1,1,0,0,1,0,0,0,1,0,0,0,0,0,0
Eras,Dot (Global),Both,1,1,1,0,0,1,0,0,0,1,0,0,0,0,0,0
Eras_XP2,Dot (Global),Both,1,1,1,0,0,1,0,0,0,1,0,0,0,0,0,0
Features,Dot (Global),Both,1,1,1,0,0,1,0,0,0,1,0,0,0,0,0,0
GameSpeed_Turns,Dot (Global),Both,1,1,1,0,0,1,0,0,0,1,0,0,0,0,0,0
GameSpeeds,Dot (Global),Both,1,1,1,0,0,1,0,0,0,1,0,0,0,0,0,0
GlobalParameters,Dot (Global),Both,1,1,1,0,0,1,0,0,0,1,0,0,0,0,0,0
GoodyHuts,Dot (Global),Both,1,1,1,0,0,1,0,0,0,1,0,0,0,0,0,0
GovernmentSlots,Dot (Global),Both,1,1,1,0,0,1,0,0,0,1,0,0,0,0,0,0
Government_SlotCounts,Dot (Global),Both,1,1,1,0,0,1,0,0,0,1,0,0,0,0,0,0
Governments,Dot (Global),Both,1,1,1,0,0,1,0,0,0,1,0,0,0,0,0,0
GovernorPromotionModifiers,Dot (Global),Both,1,1,1,0,0,1,0,0,0,1,0,0,0,0,0,0
GovernorPromotionSets,Dot (Global),Both,1,1,1,0,0,1,0,0,0,1,0,0,0,0,0,0
GovernorPromotions,Dot (Global),Both,1,1,1,0,0,1,0,0,0,1,0,0,0,0,0,0
Governors,Dot (Global),Both,1,1,1,0,0,1,0,0,0,1,0,0,0,0,0,0
GreatPersonClasses,Dot (Global),Both,1,1,1,0,0,1,0,0,0,1,0,0,0,0,0,0
GreatWork_RelicData,Dot (Global),Both,1,0,0,0,0,0,0,0,1,0,0,1,0,0,0,0
GreatWorks,Dot (Global),Both,1,1,1,0,0,1,0,0,0,1,0,0,0,0,0,0
HistoricalAgendas,Dot (Global),Both,1,1,1,0,0,1,0,0,0,1,0,0,0,0,0,0
Improvement_Adjacencies,Dot (Global),Both,1,1,1,0,0,1,0,0,0,1,0,0,0,0,0,0
Improvement_BonusYieldChanges,Dot (Global),Both,1,1,1,0,0,1,0,0,0,1,0,0,0,0,0,0
Improvement_ValidBuildUnits,Dot (Global),Both,1,1,1,0,0,1,0,0,0,1,0,0,0,0,0,0
Improvement_ValidFeatures,Dot (Global),Both,1,1,1,0,0,1,0,0,0,1,0,0,0,0,0,0
Improvement_ValidResources,Dot (Global),Both,1,1,1,0,0,1,0,0,0,1,0,0,0,0,0,0
Improvement_ValidTerrains,Dot (Global),Both,1,1,1,0,0,1,0,0,0,1,0,0,0,0,0,0
Improvement_YieldChanges,Dot (Global),Both,1,1,1,0,0,1,0,0,0,1,0,0,0,0,0,0
Improvements,Dot (Global),Both,1,1,1,0,0,1,0,0,0,1,0,0,0,0,0,0
Icons,Dot (Global),Both,1,0,0,0,0,0,0,0,1,0,0,1,0,0,0,0
Kinds,Dot (Global),Both,1,1,1,0,0,1,0,0,0,1,0,0,0,0,0,0
LeaderTraits,Dot (Global),Both,1,1,1,0,0,1,0,0,0,1,0,0,0,0,0,0
Leaders,Dot (Global),Both,1,1,1,0,0,1,0,0,0,1,0,0,0,0,0,0
LoadingInfo,Dot (Global),Both,1,1,1,0,0,1,0,0,0,1,0,0,0,0,0,0
Map_GreatPersonClasses,Dot (Global),Both,1,1,1,0,0,1,0,0,0,1,0,0,0,0,0,0
Map_GreatPersonPoints,Dot (Global),Both,1,0,0,0,0,0,0,0,1,0,0,1,0,0,0,0
Map_TradeRoutes,Dot (Global),Both,1,0,0,0,0,0,0,0,1,0,0,1,0,0,0,0
ModifierArguments,Dot (Global),Both,1,1,1,0,0,1,0,0,0,1,0,0,0,0,0,0
ModifierStrings,Dot (Global),Both,1,1,1,0,0,1,0,0,0,1,0,0,0,0,0,0
Modifiers,Dot (Global),Both,1,1,1,0,0,1,0,0,0,1,0,0,0,0,0,0
Moments,Dot (Global),Both,1,1,1,0,0,1,0,0,0,1,0,0,0,0,0,0
Policies,Dot (Global),Both,1,1,1,0,0,1,0,0,0,1,0,0,0,0,0,0
Policies_XP1,Dot (Global),Both,1,1,1,0,0,1,0,0,0,1,0,0,0,0,0,0
PolicyModifiers,Dot (Global),Both,1,1,1,0,0,1,0,0,0,1,0,0,0,0,0,0
Project_GreatPersonPoints,Dot (Global),Both,1,1,1,0,0,1,0,0,0,1,0,0,0,0,0,0
Project_YieldConversions,Dot (Global),Both,1,1,1,0,0,1,0,0,0,1,0,0,0,0,0,0
Projects,Dot (Global),Both,1,1,1,0,0,1,0,0,0,1,0,0,0,0,0,0
Projects_XP1,Dot (Global),Both,1,1,1,0,0,1,0,0,0,1,0,0,0,0,0,0
PseudoYields,Dot (Global),Both,1,1,1,0,0,1,0,0,0,1,0,0,0,0,0,0
RandomAgendas,Dot (Global),Both,1,1,1,0,0,1,0,0,0,1,0,0,0,0,0,0
Requirements,Dot (Global),Both,1,1,1,0,0,1,0,0,0,1,0,0,0,0,0,0
RequirementArguments,Dot (Global),Both,1,1,1,0,0,1,0,0,0,1,0,0,0,0,0,0
RequirementSetRequirements,Dot (Global),Both,1,1,1,0,0,1,0,0,0,1,0,0,0,0,0,0
RequirementSets,Dot (Global),Both,1,1,1,0,0,1,0,0,0,1,0,0,0,0,0,0
RequirementStrings,Dot (Global),Both,1,1,1,0,0,1,0,0,0,1,0,0,0,0,0,0
Resources,Dot (Global),Both,1,1,1,0,0,1,0,0,0,1,0,0,0,0,0,0
Resource_Consumption,Dot (Global),Both,1,1,1,0,0,1,0,0,0,1,0,0,0,0,0,0
Resource_Harvests,Dot (Global),Both,1,1,1,0,0,1,0,0,0,1,0,0,0,0,0,0
Resource_YieldChanges,Dot (Global),Both,1,1,1,0,0,1,0,0,0,1,0,0,0,0,0,0
Routes,Dot (Global),Both,1,1,1,0,0,1,0,0,0,1,0,0,0,0,0,0
Routes_XP2,Dot (Global),Both,1,1,1,0,0,1,0,0,0,1,0,0,0,0,0,0
StartBiasResources,Dot (Global),Both,1,1,1,0,0,1,0,0,0,1,0,0,0,0,0,0
StartBiasTerrains,Dot (Global),Both,1,1,1,0,0,1,0,0,0,1,0,0,0,0,0,0
StartingBuildings,Dot (Global),Both,1,1,1,0,0,1,0,0,0,1,0,0,0,0,0,0
Technologies,Dot (Global),Both,1,1,1,0,0,1,0,0,0,1,0,0,0,0,0,0
Technologies_XP2,Dot (Global),Both,1,1,1,0,0,1,0,0,0,1,0,0,0,0,0,0
TechnologyModifiers,Dot (Global),Both,1,1,1,0,0,1,0,0,0,1,0,0,0,0,0,0
TechnologyPrereqs,Dot (Global),Both,1,1,1,0,0,1,0,0,0,1,0,0,0,0,0,0
Terrains,Dot (Global),Both,1,1,1,0,0,1,0,0,0,1,0,0,0,0,0,0
TraitModifiers,Dot (Global),Both,1,1,1,0,0,1,0,0,0,1,0,0,0,0,0,0
Traits,Dot (Global),Both,1,1,1,0,0,1,0,0,0,1,0,0,0,0,0,0
TypeProperties,Dot (Global),Both,1,1,1,0,0,1,0,0,0,1,0,0,0,0,0,0
TypeTags,Dot (Global),Both,1,1,1,0,0,1,0,0,0,1,0,0,0,0,0,0
Types,Dot (Global),Both,1,1,1,0,0,1,0,0,0,1,0,0,0,0,0,0
UnitAbilities,Dot (Global),Both,1,1,1,0,0,1,0,0,0,1,0,0,0,0,0,0
UnitAbilityModifiers,Dot (Global),Both,1,1,1,0,0,1,0,0,0,1,0,0,0,0,0,0
UnitAiInfos,Dot (Global),Both,1,1,1,0,0,1,0,0,0,1,0,0,0,0,0,0
UnitCaptures,Dot (Global),Both,1,1,1,0,0,1,0,0,0,1,0,0,0,0,0,0
UnitCommands,Dot (Global),Both,1,1,1,0,0,1,0,0,0,1,0,0,0,0,0,0
UnitPromotionClasses,Dot (Global),Both,1,1,1,0,0,1,0,0,0,1,0,0,0,0,0,0
UnitPromotionModifiers,Dot (Global),Both,1,1,1,0,0,1,0,0,0,1,0,0,0,0,0,0
UnitPromotionPrereqs,Dot (Global),Both,1,1,1,0,0,1,0,0,0,1,0,0,0,0,0,0
UnitPromotions,Dot (Global),Both,1,1,1,0,0,1,0,0,0,1,0,0,0,0,0,0
UnitReplaces,Dot (Global),Both,1,1,1,0,0,1,0,0,0,1,0,0,0,0,0,0
Units_XP2,Dot (Global),Both,1,1,1,0,0,1,0,0,0,1,0,0,0,0,0,0
Victories,Dot (Global),Both,1,1,1,0,0,1,0,0,0,1,0,0,0,0,0,0
WMDs,Dot (Global),Both,1,1,1,0,0,1,0,0,0,1,0,0,0,0,0,0
Yields,Dot (Global),Both,1,1,1,0,0,1,0,0,0,1,0,0,0,0,0,0
UnitOperations,Dot (Global),Both,1,1,1,0,0,1,0,0,0,1,0,0,0,0,0,0
AiFavoredItems,Dot (Global),Both,1,1,1,0,0,1,0,0,0,1,0,0,0,0,0,0
AiLists,Dot (Global),Both,1,1,1,0,0,1,0,0,0,1,0,0,0,0,0,0
AiListTypes,Dot (Global),Both,1,1,1,0,0,1,0,0,0,1,0,0,0,0,0,0
CityNames,Dot (Global),Both,1,1,1,0,0,1,0,0,0,1,0,0,0,0,0,0
CivilizationLevels,Dot (Global),Both,1,1,1,0,0,1,0,0,0,1,0,0,0,0,0,0
DiplomacyInfo,Dot (Global),Both,1,1,1,0,0,1,0,0,0,1,0,0,0,0,0,0
DualHeroes,Dot (Global),Both,1,0,0,0,0,0,0,0,1,0,0,1,0,0,0,0
EmergencyRewards,Dot (Global),Both,1,1,1,0,0,1,0,0,0,1,0,0,0,0,0,0
FavoredReligions,Dot (Global),Both,1,1,1,0,0,1,0,0,0,1,0,0,0,0,0,0
GoodyHutSubTypes,Dot (Global),Both,1,1,1,0,0,1,0,0,0,1,0,0,0,0,0,0
GoodyHutTypes,Dot (Global),Both,1,0,0,0,0,0,0,0,1,0,0,1,0,0,0,0
GreatPersonIndividuals,Dot (Global),Both,1,1,1,0,0,1,0,0,0,1,0,0,0,0,0,0
GreatPersonIndividualActionModifiers,Dot (Global),Both,1,1,1,0,0,1,0,0,0,1,0,0,0,0,0,0
GreatPersonIndividualBirthModifiers,Dot (Global),Both,1,1,1,0,0,1,0,0,0,1,0,0,0,0,0,0
HeroDefinitions,Dot (Global),Both,1,0,0,0,0,0,0,0,1,0,0,1,0,0,0,0
HeroAbilities,Dot (Global),Both,1,0,0,0,0,0,0,0,1,0,0,1,0,0,0,0
HeroActions,Dot (Global),Both,1,0,0,0,0,0,0,0,1,0,0,1,0,0,0,0
Hero_Attributes,Dot (Global),Both,1,0,0,0,0,0,0,0,1,0,0,1,0,0,0,0
Hero_AccumulatedXp,Dot (Global),Both,1,0,0,0,0,0,0,0,1,0,0,1,0,0,0,0
Hero_XpNeeded,Dot (Global),Both,1,0,0,0,0,0,0,0,1,0,0,1,0,0,0,0
Icons_FontIcons,Dot (Global),Both,1,0,0,0,0,0,0,0,1,0,0,1,0,0,0,0
IconDefinitions,Dot (Global),Both,1,0,0,0,0,0,0,0,1,0,0,1,0,0,0,0
LeaderQuotes,Dot (Global),Both,1,1,1,0,0,1,0,0,0,1,0,0,0,0,0,0
NamedLakes,Dot (Global),Both,1,1,1,0,0,1,0,0,0,1,0,0,0,0,0,0
NaturalWonderAdjacencies,Dot (Global),Both,1,0,0,0,0,0,0,0,1,0,0,1,0,0,0,0
NaturalWonderTypeAdjacencies,Dot (Global),Both,1,0,0,0,0,0,0,0,1,0,0,1,0,0,0,0
Notifications,Dot (Global),Both,1,1,1,0,0,1,0,0,0,1,0,0,0,0,0,0
ObsoletePolicies,Dot (Global),Both,1,1,1,0,0,1,0,0,0,1,0,0,0,0,0,0
PlayerColors,Dot (Global),Both,1,1,1,0,0,1,0,0,0,1,0,0,0,0,0,0
Religions,Dot (Global),Both,1,1,1,0,0,1,0,0,0,1,0,0,0,0,0,0
ScoringCategories,Dot (Global),Both,1,1,1,0,0,1,0,0,0,1,0,0,0,0,0,0
ScoringLineItems,Dot (Global),Both,1,1,1,0,0,1,0,0,0,1,0,0,0,0,0,0
StartBiasFeatures,Dot (Global),Both,1,1,1,0,0,1,0,0,0,1,0,0,0,0,0,0
StartEras,Dot (Global),Both,1,1,1,0,0,1,0,0,0,1,0,0,0,0,0,0
Strategies,Dot (Global),Both,1,1,1,0,0,1,0,0,0,1,0,0,0,0,0,0
StrategyConditions,Dot (Global),Both,1,1,1,0,0,1,0,0,0,1,0,0,0,0,0,0
Strategy_Priorities,Dot (Global),Both,1,1,1,0,0,1,0,0,0,1,0,0,0,0,0,0
Tags,Dot (Global),Both,1,1,1,0,0,1,0,0,0,1,0,0,0,0,0,0
TechnologyQuotes,Dot (Global),Both,1,1,1,0,0,1,0,0,0,1,0,0,0,0,0,0
TreeData,Dot (Global),Both,1,1,1,0,0,1,0,0,0,1,0,0,0,0,0,0
UnitNames,Dot (Global),Both,1,1,1,0,0,1,0,0,0,1,0,0,0,0,0,0
VotedEffects,Dot (Global),Both,1,0,0,0,0,0,0,0,1,0,0,1,0,0,0,0
GameEvents,Dot (Global),GamePlay,1,0,0,1,0,0,0,0,1,0,0,0,0,0,0,1
