id,类型,命名空间/类,方法,子方法,调用形态,文档可用性,来源,路径类别,探测表达式,修正表达式,GP状态,GP存在,GP真名,GP近似名,GP备注,UI状态,UI存在,UI真名,UI近似名,UI备注,其它UI状态,实际范围,一致性判定,参数,返回
Q-CityTypeName,QUERY,City,TypeName,,Dot (Global),Both,objects,dot,City.TypeName,,string,是,,,,ERR,否,,,命名空间 City 在该上下文不存在,,仅GP,文档偏宽：UI 未见,,type:::string
A-DealManagerViewWorkingDeal,ACTION,DealManager,ViewWorkingDeal,,Dot (Global),Both,objects,dot,DealManager.ViewWorkingDeal,,nil,否,,,命名空间存在但无此成员,nil,否,,,命名空间存在但无此成员,,双端未见,文档偏宽：双端均未见,,
A-GameChangePlayerEraScore,ACTION,Game,ChangePlayerEraScore,,Dot (Global),Both,objects,dot,Game.ChangePlayerEraScore,,nil,否,,,命名空间存在但无此成员,nil,否,,,命名空间存在但无此成员,,双端未见,文档偏宽：双端均未见,"playerID:::number, amount:::number",
Q-MapGetContinentCoastalPlotsQ-MapGetCityPlotsGetPurchasedByCity,QUERY,Map,GetContinentCoastalPlots,Q-MapGetCityPlotsGetPurchasedByCity,Dot (Global),GamePlay,objects,dot,Map.GetContinentCoastalPlots.Q-MapGetCityPlotsGetPurchasedByCity,__SC.C_Map_P_GetContinentCoastalPlots.Q-MapGetCityPlotsGetPurchasedByCity,ERR,否,,,命名空间存在但无此成员,ERR,否,,,命名空间存在但无此成员,,双端未见,文档存疑：GP 未见,,
Q-MapGetImprovementBuilder,QUERY,Map,GetImprovementBuilder,,Dot (Global),Both,objects,dot,Map.GetImprovementBuilder,,nil,否,,,命名空间存在但无此成员,nil,否,,,命名空间存在但无此成员,,双端未见,文档偏宽：双端均未见,,MapImprovementBuilder:::object
A-MapGetImprovementBuilderSetImprovementPillaged,ACTION,Map,GetImprovementBuilder,SetImprovementPillaged,Dot (Global),Both,objects,dot,Map.GetImprovementBuilder.SetImprovementPillaged,__SC.C_Map_P_GetImprovementBuilder.SetImprovementPillaged,ERR,否,,,命名空间存在但无此成员,ERR,否,,,命名空间存在但无此成员,,双端未见,文档偏宽：双端均未见,,
Q-MapGetWorldSize,QUERY,Map,GetWorldSize,,Dot (Global),Both,objects,dot,Map.GetWorldSize,,nil,否,,,命名空间存在但无此成员,nil,否,,,命名空间存在但无此成员,,双端未见,文档偏宽：双端均未见,,
A-PlayerChangeDiplomaticFavor,ACTION,Player,ChangeDiplomaticFavor,,Colon (Instance),Both,objects,colon,__SC.C_Player.ChangeDiplomaticFavor,,nil,否,,,经 instance:local#0 检查：无此方法,nil,否,,,经 instance:local#0 检查：无此方法,,双端未见,文档偏宽：双端均未见,,
A-PlayerGetAi_DiplomacyGenerateToolTips,ACTION,Player,GetAi_Diplomacy,GenerateToolTips,Colon (Instance),Both,objects,colon-sub,__SC.C_Player_P_GetAi_Diplomacy.GenerateToolTips,,nil,否,,,经 instance:local#0 检查：无此方法,ERR,否,,,父方法 GetAi_Diplomacy 在该上下文不存在 → 子方法必然不存在（运行时该方法面见 GP_UI方法面差异.csv）,,双端未见,文档偏宽：双端均未见,,
Q-PlayerGetAi_DiplomacyGetNumToolTips,QUERY,Player,GetAi_Diplomacy,GetNumToolTips,Colon (Instance),Both,objects,colon-sub,__SC.C_Player_P_GetAi_Diplomacy.GetNumToolTips,,nil,否,,,经 instance:local#0 检查：无此方法,ERR,否,,,父方法 GetAi_Diplomacy 在该上下文不存在 → 子方法必然不存在（运行时该方法面见 GP_UI方法面差异.csv）,,双端未见,文档偏宽：双端均未见,,
Q-PlayerGetAi_DiplomacyGetToolTip,QUERY,Player,GetAi_Diplomacy,GetToolTip,Colon (Instance),Both,objects,colon-sub,__SC.C_Player_P_GetAi_Diplomacy.GetToolTip,,nil,否,,,经 instance:local#0 检查：无此方法,ERR,否,,,父方法 GetAi_Diplomacy 在该上下文不存在 → 子方法必然不存在（运行时该方法面见 GP_UI方法面差异.csv）,,双端未见,文档偏宽：双端均未见,,
Q-PlayerGetDiplomacyGetAllianceLevelWithPlayer,QUERY,Player,GetDiplomacy,GetAllianceLevelWithPlayer,Colon (Instance),Both,objects,colon-sub,__SC.C_Player_P_GetDiplomacy.GetAllianceLevelWithPlayer,,nil,否,,,经 instance:local#0 检查：无此方法,nil,否,,GetAllianceLevel,经 instance:local#0 检查：无此方法,,双端未见,文档偏宽：双端均未见,,
Q-PlayerGetGovernorsGetIdentityPressure,QUERY,Player,GetGovernors,GetIdentityPressure,Colon (Instance),Both,objects,colon-sub,__SC.C_Player_P_GetGovernors.GetIdentityPressure,,nil,否,,,经 instance:local#0 检查：无此方法,nil,否,,,经 instance:local#0 检查：无此方法,,双端未见,文档偏宽：双端均未见,,
Q-PlayerGetGovernorsGetNeutralizedTurns,QUERY,Player,GetGovernors,GetNeutralizedTurns,Colon (Instance),Both,objects,colon-sub,__SC.C_Player_P_GetGovernors.GetNeutralizedTurns,,nil,否,,,经 instance:local#0 检查：无此方法,nil,否,,,经 instance:local#0 检查：无此方法,,双端未见,文档偏宽：双端均未见,,
Q-PlayerGetGovernorsGetType,QUERY,Player,GetGovernors,GetType,Colon (Instance),Both,objects,colon-sub,__SC.C_Player_P_GetGovernors.GetType,,nil,否,,,经 instance:local#0 检查：无此方法,nil,否,,,经 instance:local#0 检查：无此方法,,双端未见,文档偏宽：双端均未见,,
Q-PlayerGetGovernorsHasPromotion,QUERY,Player,GetGovernors,HasPromotion,Colon (Instance),Both,objects,colon-sub,__SC.C_Player_P_GetGovernors.HasPromotion,,nil,否,,,经 instance:local#0 检查：无此方法,nil,否,,,经 instance:local#0 检查：无此方法,,双端未见,文档偏宽：双端均未见,,[True/False]:::boolean
Q-PlayerGetGovernorsIsEstablished,QUERY,Player,GetGovernors,IsEstablished,Colon (Instance),Both,objects,colon-sub,__SC.C_Player_P_GetGovernors.IsEstablished,,nil,否,,,经 instance:local#0 检查：无此方法,nil,否,,,经 instance:local#0 检查：无此方法,,双端未见,文档偏宽：双端均未见,,[True/False]:::boolean
Q-PlayerGetGovernorsIsGovernCityState,QUERY,Player,GetGovernors,IsGovernCityState,Colon (Instance),Both,objects,colon-sub,__SC.C_Player_P_GetGovernors.IsGovernCityState,,nil,否,,,经 instance:local#0 检查：无此方法,nil,否,,,经 instance:local#0 检查：无此方法,,双端未见,文档偏宽：双端均未见,,[True/False]:::boolean
Q-PlayerGetGovernorsGetGovernorGetComponentID,QUERY,Player,GetGovernors,GetGovernorGetComponentID,Colon (Instance),UI,objects,colon-sub,__SC.C_Player_P_GetGovernors.GetGovernorGetComponentID,,nil,否,,,经 instance:local#0 检查：无此方法,nil,否,,GetGovernor,经 instance:local#0 检查：无此方法｜三层压平：真路径需 GetGovernor(i) 取对象，本次未取到该层实例,,双端未见,文档存疑：UI 未见,,
Q-PlayerGetGovernorsGetGovernorHasPromotion,QUERY,Player,GetGovernors,GetGovernorHasPromotion,Colon (Instance),UI,objects,colon-sub,__SC.C_Player_P_GetGovernors.GetGovernorHasPromotion,,nil,否,,,经 instance:local#0 检查：无此方法,nil,否,,GetGovernor,经 instance:local#0 检查：无此方法｜三层压平：真路径需 GetGovernor(i) 取对象，本次未取到该层实例,,双端未见,文档存疑：UI 未见,,[True/False]:::boolean
Q-PlayerGetGovernorsGetGovernorGetOwner,QUERY,Player,GetGovernors,GetGovernorGetOwner,Colon (Instance),UI,objects,colon-sub,__SC.C_Player_P_GetGovernors.GetGovernorGetOwner,,nil,否,,,经 instance:local#0 检查：无此方法,nil,否,,GetGovernor,经 instance:local#0 检查：无此方法｜三层压平：真路径需 GetGovernor(i) 取对象，本次未取到该层实例,,双端未见,文档存疑：UI 未见,,
Q-PlayerGetGovernorsGetGovernorCanAssignToMajorCiv,QUERY,Player,GetGovernors,GetGovernorCanAssignToMajorCiv,Colon (Instance),UI,objects,colon-sub,__SC.C_Player_P_GetGovernors.GetGovernorCanAssignToMajorCiv,,nil,否,,,经 instance:local#0 检查：无此方法,nil,否,,GetGovernor,经 instance:local#0 检查：无此方法｜三层压平：真路径需 GetGovernor(i) 取对象，本次未取到该层实例,,双端未见,文档存疑：UI 未见,,
Q-PlayerGetGovernorsGetGovernorGetNeutralizedTurns,QUERY,Player,GetGovernors,GetGovernorGetNeutralizedTurns,Colon (Instance),UI,objects,colon-sub,__SC.C_Player_P_GetGovernors.GetGovernorGetNeutralizedTurns,,nil,否,,,经 instance:local#0 检查：无此方法,nil,否,,GetGovernor,经 instance:local#0 检查：无此方法｜三层压平：真路径需 GetGovernor(i) 取对象，本次未取到该层实例,,双端未见,文档存疑：UI 未见,,
Q-PlayerGetGovernorsGetGovernorGetIdentityPressure,QUERY,Player,GetGovernors,GetGovernorGetIdentityPressure,Colon (Instance),UI,objects,colon-sub,__SC.C_Player_P_GetGovernors.GetGovernorGetIdentityPressure,,nil,否,,,经 instance:local#0 检查：无此方法,nil,否,,GetGovernor,经 instance:local#0 检查：无此方法｜三层压平：真路径需 GetGovernor(i) 取对象，本次未取到该层实例,,双端未见,文档存疑：UI 未见,,
Q-PlayerGetGovernorsGetGovernorGetType,QUERY,Player,GetGovernors,GetGovernorGetType,Colon (Instance),UI,objects,colon-sub,__SC.C_Player_P_GetGovernors.GetGovernorGetType,,nil,否,,,经 instance:local#0 检查：无此方法,nil,否,,GetGovernor,经 instance:local#0 检查：无此方法｜三层压平：真路径需 GetGovernor(i) 取对象，本次未取到该层实例,,双端未见,文档存疑：UI 未见,,
Q-PlayerGetGovernorsGetGovernorIsGovernCityState,QUERY,Player,GetGovernors,GetGovernorIsGovernCityState,Colon (Instance),UI,objects,colon-sub,__SC.C_Player_P_GetGovernors.GetGovernorIsGovernCityState,,nil,否,,,经 instance:local#0 检查：无此方法,nil,否,,GetGovernor,经 instance:local#0 检查：无此方法｜三层压平：真路径需 GetGovernor(i) 取对象，本次未取到该层实例,,双端未见,文档存疑：UI 未见,,[True/False]:::boolean
Q-PlayerGetGovernorsGetGovernorIsEstablished,QUERY,Player,GetGovernors,GetGovernorIsEstablished,Colon (Instance),UI,objects,colon-sub,__SC.C_Player_P_GetGovernors.GetGovernorIsEstablished,,nil,否,,,经 instance:local#0 检查：无此方法,nil,否,,GetGovernor,经 instance:local#0 检查：无此方法｜三层压平：真路径需 GetGovernor(i) 取对象，本次未取到该层实例,,双端未见,文档存疑：UI 未见,,
Q-PlayerGetGovernorsGetGovernorGetTurnsOnSite,QUERY,Player,GetGovernors,GetGovernorGetTurnsOnSite,Colon (Instance),UI,objects,colon-sub,__SC.C_Player_P_GetGovernors.GetGovernorGetTurnsOnSite,,nil,否,,,经 instance:local#0 检查：无此方法,nil,否,,GetGovernor,经 instance:local#0 检查：无此方法｜三层压平：真路径需 GetGovernor(i) 取对象，本次未取到该层实例,,双端未见,文档存疑：UI 未见,,
Q-PlayerGetGovernorsGetGovernorGetID,QUERY,Player,GetGovernors,GetGovernorGetID,Colon (Instance),UI,objects,colon-sub,__SC.C_Player_P_GetGovernors.GetGovernorGetID,,nil,否,,,经 instance:local#0 检查：无此方法,nil,否,,GetGovernor,经 instance:local#0 检查：无此方法｜三层压平：真路径需 GetGovernor(i) 取对象，本次未取到该层实例,,双端未见,文档存疑：UI 未见,,
Q-PlayerGetGovernorsGetGovernorGetName,QUERY,Player,GetGovernors,GetGovernorGetName,Colon (Instance),UI,objects,colon-sub,__SC.C_Player_P_GetGovernors.GetGovernorGetName,,nil,否,,,经 instance:local#0 检查：无此方法,nil,否,,GetGovernor,经 instance:local#0 检查：无此方法｜三层压平：真路径需 GetGovernor(i) 取对象，本次未取到该层实例,,双端未见,文档存疑：UI 未见,,
Q-PlayerGetResourcesGetResourceImportedPerTurn,QUERY,Player,GetResources,GetResourceImportedPerTurn,Colon (Instance),Both,objects,colon-sub,__SC.C_Player_P_GetResources.GetResourceImportedPerTurn,,nil,否,,,经 instance:local#0 检查：无此方法,nil,否,,,经 instance:local#0 检查：无此方法,,双端未见,文档偏宽：双端均未见,,
Q-PlayerGetTechsHasBeenBoosted,QUERY,Player,GetTechs,HasBeenBoosted,Colon (Instance),Both,objects,colon-sub,__SC.C_Player_P_GetTechs.HasBeenBoosted,,nil,否,,,经 instance:local#0 检查：无此方法,nil,否,,,经 instance:local#0 检查：无此方法,,双端未见,文档偏宽：双端均未见,,[True/False]:::boolean
A-PlayerGetUnitsSetMilitaryFormation,ACTION,Player,GetUnits,SetMilitaryFormation,Colon (Instance),Both,objects,colon-sub,__SC.C_Player_P_GetUnits.SetMilitaryFormation,,nil,否,,,经 instance:local#0 检查：无此方法,nil,否,,,经 instance:local#0 检查：无此方法,,双端未见,文档偏宽：双端均未见,,
A-PlayerSetScoringScenario,ACTION,Player,SetScoringScenario,,Colon (Instance),Both,objects,colon,__SC.C_Player.SetScoringScenario,,nil,否,,SetScoringScenario1 SetScoringScenario2 SetScoringScenario3,经 instance:local#0 检查：无此方法,nil,否,,,经 instance:local#0 检查：无此方法,,双端未见,文档偏宽：双端均未见,,
C-PlayerVisibilityManager,CONTEXT,PlayerVisibilityManager,,,Dot (Global),UI,objects,namespace,PlayerVisibilityManager,,table,是,,,命名空间存在,table,是,,,命名空间存在,,双端,文档偏窄：GP 亦可见,,
Q-PlayerVisibilityManagerIsVisibleToNonOwner,QUERY,PlayerVisibilityManager,IsVisibleToNonOwner,,Dot (Global),UI,objects,dot,PlayerVisibilityManager.IsVisibleToNonOwner,,function,是,,,,function,是,,,,,双端,文档偏窄：GP 亦可见,,[True/False]:::boolean
O-PlayerVisibility,OBJECT,PlayerVisibility,,,Colon (Instance),Both,objects,colon-obj,__SC.C_PlayerVisibility,,table,是,,,经 global-as-instance 检出,nil,否,,,该上下文既无同名模块/全局，也无实例通道,,仅GP,文档偏宽：UI 未见,,
Q-PlayerVisibilityIsVisible,QUERY,PlayerVisibility,IsVisible,,Colon (Instance),Both,objects,colon,__SC.C_PlayerVisibility.IsVisible,,function,是,,,经 global-as-instance 检出,ERR,否,,,该上下文既无同名模块/全局，也无实例通道,,仅GP,文档偏宽：UI 未见,,[True/False]:::boolean
Q-PlayerVisibilityIsRevealed,QUERY,PlayerVisibility,IsRevealed,,Colon (Instance),Both,objects,colon,__SC.C_PlayerVisibility.IsRevealed,,function,是,,,经 global-as-instance 检出,ERR,否,,,该上下文既无同名模块/全局，也无实例通道,,仅GP,文档偏宽：UI 未见,,[True/False]:::boolean
Q-PlayerVisibilityGetNumRevealedNexes,QUERY,PlayerVisibility,GetNumRevealedNexes,,Colon (Instance),Both,objects,colon,__SC.C_PlayerVisibility.GetNumRevealedNexes,,nil,否,,,经 global-as-instance 检查：无此方法,ERR,否,,,该上下文既无同名模块/全局，也无实例通道,,双端未见,文档偏宽：双端均未见,,
Q-PlayerVisibilityGetState,QUERY,PlayerVisibility,GetState,,Colon (Instance),Both,objects,colon,__SC.C_PlayerVisibility.GetState,,function,是,,,经 global-as-instance 检出,ERR,否,,,该上下文既无同名模块/全局，也无实例通道,,仅GP,文档偏宽：UI 未见,,
Q-PlayerVisibilityGetLayerValue,QUERY,PlayerVisibility,GetLayerValue,,Colon (Instance),UI,objects,colon,__SC.C_PlayerVisibility.GetLayerValue,,nil,否,,,经 global-as-instance 检查：无此方法,ERR,否,,,该上下文既无同名模块/全局，也无实例通道,,双端未见,文档存疑：UI 未见,,
Q-PlayerVisibilityIsUnitVisible,QUERY,PlayerVisibility,IsUnitVisible,,Colon (Instance),UI,objects,colon,__SC.C_PlayerVisibility.IsUnitVisible,,nil,否,,,经 global-as-instance 检查：无此方法,ERR,否,,,该上下文既无同名模块/全局，也无实例通道,,双端未见,文档存疑：UI 未见,Unit:::object,[True/False]:::boolean
A-TerrainBuilderSetResourceType,ACTION,TerrainBuilder,SetResourceType,,Dot (Global),GamePlay,objects,dot,TerrainBuilder.SetResourceType,,nil,否,,,命名空间存在但无此成员,ERR,否,,,命名空间 TerrainBuilder 在该上下文不存在,,双端未见,文档存疑：GP 未见,"Plot:::object, resourceIndex:::number, resourceAmount:::number",
Q-TerrainBuilderCanHaveResource,QUERY,TerrainBuilder,CanHaveResource,,Dot (Global),GamePlay,objects,dot,TerrainBuilder.CanHaveResource,,nil,否,,,命名空间存在但无此成员,ERR,否,,,命名空间 TerrainBuilder 在该上下文不存在,,双端未见,文档存疑：GP 未见,"Plot:::object, resourceIndex:::number",[True/False]:::boolean
Q-UnitGetLifespan,QUERY,Unit,GetLifespan,,Colon (Instance),Both,objects,colon,__SC.C_Unit.GetLifespan,,nil,否,,,经 instance:player-units 检查：无此方法,nil,否,,,经 instance:player-units 检查：无此方法,,双端未见,文档偏宽：双端均未见,,amount:::number
A-UnitSetRenown,ACTION,Unit,SetRenown,,Colon (Instance),Both,objects,colon,__SC.C_Unit.SetRenown,,nil,否,,,经 instance:player-units 检查：无此方法,nil,否,,,经 instance:player-units 检查：无此方法,,双端未见,文档偏宽：双端均未见,,
Q-UnitGetRenown,QUERY,Unit,GetRenown,,Colon (Instance),Both,objects,colon,__SC.C_Unit.GetRenown,,nil,否,,,经 instance:player-units 检查：无此方法,nil,否,,,经 instance:player-units 检查：无此方法,,双端未见,文档偏宽：双端均未见,,
A-UnitSetLifespan,ACTION,Unit,SetLifespan,,Colon (Instance),Both,objects,colon,__SC.C_Unit.SetLifespan,,nil,否,,,经 instance:player-units 检查：无此方法,nil,否,,,经 instance:player-units 检查：无此方法,,双端未见,文档偏宽：双端均未见,amount:::number,
Q-MapRoutesGetIndexedPortalGetEntrancePlotIndex,QUERY,MapRoutes,GetIndexedPortal,GetEntrancePlotIndex,Dot (Global),Both,objects,dot,MapRoutes.GetIndexedPortal.GetEntrancePlotIndex,__SC.C_MapRoutes_P_GetIndexedPortal.GetEntrancePlotIndex,ERR,否,,,命名空间存在但无此成员,ERR,否,,,命名空间存在但无此成员,,双端未见,文档偏宽：双端均未见,,plotID:::number
Q-MapRoutesGetIndexedPortalGetExitCount,QUERY,MapRoutes,GetIndexedPortal,GetExitCount,Dot (Global),Both,objects,dot,MapRoutes.GetIndexedPortal.GetExitCount,__SC.C_MapRoutes_P_GetIndexedPortal.GetExitCount,ERR,否,,,命名空间存在但无此成员,ERR,否,,,命名空间存在但无此成员,,双端未见,文档偏宽：双端均未见,,amount:::number
Q-MapRoutesGetIndexedPortalGetExitPlotIndex,QUERY,MapRoutes,GetIndexedPortal,GetExitPlotIndex,Dot (Global),Both,objects,dot,MapRoutes.GetIndexedPortal.GetExitPlotIndex,__SC.C_MapRoutes_P_GetIndexedPortal.GetExitPlotIndex,ERR,否,,,命名空间存在但无此成员,ERR,否,,,命名空间存在但无此成员,,双端未见,文档偏宽：双端均未见,,plotID:::number
Q-MapRoutesGetIndexedPortalHasEntranceAt,QUERY,MapRoutes,GetIndexedPortal,HasEntranceAt,Dot (Global),Both,objects,dot,MapRoutes.GetIndexedPortal.HasEntranceAt,__SC.C_MapRoutes_P_GetIndexedPortal.HasEntranceAt,ERR,否,,,命名空间存在但无此成员,ERR,否,,,命名空间存在但无此成员,,双端未见,文档偏宽：双端均未见,,[True/False]:::boolean
Q-MapRoutesGetIndexedPortalHasExitAt,QUERY,MapRoutes,GetIndexedPortal,HasExitAt,Dot (Global),Both,objects,dot,MapRoutes.GetIndexedPortal.HasExitAt,__SC.C_MapRoutes_P_GetIndexedPortal.HasExitAt,ERR,否,,,命名空间存在但无此成员,ERR,否,,,命名空间存在但无此成员,,双端未见,文档偏宽：双端均未见,,[True/False]:::boolean
C-RouteBuilder,CONTEXT,RouteBuilder,,,Dot (Global),Both,objects,namespace,RouteBuilder,,table,是,,,命名空间存在,nil,否,,,命名空间在该上下文不存在,,仅GP,文档偏宽：UI 未见,,
A-RouteBuilderSetRouteType,ACTION,RouteBuilder,SetRouteType,,Dot (Global),Both,objects,dot,RouteBuilder.SetRouteType,,function,是,,,,ERR,否,,,命名空间 RouteBuilder 在该上下文不存在,,仅GP,文档偏宽：UI 未见,"Plot:::object, RouteTypes routeType::(enum)",
A-RouteBuilderCanHaveRoute,ACTION,RouteBuilder,CanHaveRoute,,Dot (Global),Both,objects,dot,RouteBuilder.CanHaveRoute,,function,是,,,,ERR,否,,,命名空间 RouteBuilder 在该上下文不存在,,仅GP,文档偏宽：UI 未见,,
A-RouteBuilderSetRoutePillaged,ACTION,RouteBuilder,SetRoutePillaged,,Dot (Global),Both,objects,dot,RouteBuilder.SetRoutePillaged,,function,是,,,,ERR,否,,,命名空间 RouteBuilder 在该上下文不存在,,仅GP,文档偏宽：UI 未见,"Plot:::object, isPillaged:::boolean",
A-ModdingActivateAllowedDLC,ACTION,Modding,ActivateAllowedDLC,,Dot (Global),Both,objects,dot,Modding.ActivateAllowedDLC,,ERR,否,,,命名空间 Modding 在该上下文不存在,nil,否,,,命名空间存在但无此成员,,双端未见,文档偏宽：双端均未见,,
A-ModdingActivateDLC,ACTION,Modding,ActivateDLC,,Dot (Global),Both,objects,dot,Modding.ActivateDLC,,ERR,否,,,命名空间 Modding 在该上下文不存在,nil,否,,,命名空间存在但无此成员,,双端未见,文档偏宽：双端均未见,,
C-Achievements,CONTEXT,Achievements,,,Dot (Global),UI,objects,namespace,Achievements,,table,是,,,命名空间存在,table,是,,,命名空间存在,,双端,文档偏窄：GP 亦可见,,
Q-AchievementsGetAchievementDisplayName,QUERY,Achievements,GetAchievementDisplayName,,Dot (Global),UI,objects,dot,Achievements.GetAchievementDisplayName,,function,是,,,,function,是,,,,,双端,文档偏窄：GP 亦可见,,
Q-AchievementsGetAchievementHash,QUERY,Achievements,GetAchievementHash,,Dot (Global),UI,objects,dot,Achievements.GetAchievementHash,,function,是,,,,function,是,,,,,双端,文档偏窄：GP 亦可见,,
Q-AchievementsGetAchievementData,QUERY,Achievements,GetAchievementData,,Dot (Global),UI,objects,dot,Achievements.GetAchievementData,,function,是,,,,function,是,,,,,双端,文档偏窄：GP 亦可见,,
A-AchievementsDeleteAchievementData,ACTION,Achievements,DeleteAchievementData,,Dot (Global),UI,objects,dot,Achievements.DeleteAchievementData,,function,是,,,,function,是,,,,,双端,文档偏窄：GP 亦可见,,
Q-AchievementsGetAchievementDescription,QUERY,Achievements,GetAchievementDescription,,Dot (Global),UI,objects,dot,Achievements.GetAchievementDescription,,function,是,,,,function,是,,,,,双端,文档偏窄：GP 亦可见,,
Q-AchievementsGetStat,QUERY,Achievements,GetStat,,Dot (Global),UI,objects,dot,Achievements.GetStat,,function,是,,,,function,是,,,,,双端,文档偏窄：GP 亦可见,,
Q-AchievementsGetAchievementName,QUERY,Achievements,GetAchievementName,,Dot (Global),UI,objects,dot,Achievements.GetAchievementName,,function,是,,,,function,是,,,,,双端,文档偏窄：GP 亦可见,,
Q-AchievementsIsAchievementUnlocked,QUERY,Achievements,IsAchievementUnlocked,,Dot (Global),UI,objects,dot,Achievements.IsAchievementUnlocked,,function,是,,,,function,是,,,,,双端,文档偏窄：GP 亦可见,,[True/False]:::boolean
Q-UIGetGameParametersGetGetValueAt,QUERY,UI,GetGameParameters,GetGetValueAt,Colon (Instance),UI,objects,colon-sub,__SC.C_UI_P_GetGameParameters.GetGetValueAt,,ERR,不可判,,,类 UI 在该上下文无实例通道（none）,nil,否,,Get GetValue,文档名拼接：去前缀候选 GetValueAt 亦不存在（该对象运行时仅 5 法：Add/Get/GetValue/Remove/SetValue）,,双端未见,文档存疑：UI 未见,,
Q-UIGetGameParametersGetGetCount,QUERY,UI,GetGameParameters,GetGetCount,Colon (Instance),UI,objects,colon-sub,__SC.C_UI_P_GetGameParameters.GetGetCount,,ERR,不可判,,,类 UI 在该上下文无实例通道（none）,nil,否,,Get,文档名拼接：去前缀候选 GetCount 亦不存在（该对象运行时仅 5 法：Add/Get/GetValue/Remove/SetValue）,,双端未见,文档存疑：UI 未见,,
A-UIGetGameParametersGetRemoveAt,ACTION,UI,GetGameParameters,GetRemoveAt,Colon (Instance),UI,objects,colon-sub,__SC.C_UI_P_GetGameParameters.GetRemoveAt,,ERR,不可判,,,类 UI 在该上下文无实例通道（none）,nil,否,,Get Remove,文档名拼接：去前缀候选 RemoveAt 亦不存在（该对象运行时仅 5 法：Add/Get/GetValue/Remove/SetValue）,,双端未见,文档存疑：UI 未见,,
A-UIGetGameParametersGetAppendValue,ACTION,UI,GetGameParameters,GetAppendValue,Colon (Instance),UI,objects,colon-sub,__SC.C_UI_P_GetGameParameters.GetAppendValue,,ERR,不可判,,,类 UI 在该上下文无实例通道（none）,nil,否,,Get,文档名拼接：去前缀候选 AppendValue 亦不存在（该对象运行时仅 5 法：Add/Get/GetValue/Remove/SetValue）,,双端未见,文档存疑：UI 未见,,
Q-UIGetGameParametersGetGetKeyAt,QUERY,UI,GetGameParameters,GetGetKeyAt,Colon (Instance),UI,objects,colon-sub,__SC.C_UI_P_GetGameParameters.GetGetKeyAt,,ERR,不可判,,,类 UI 在该上下文无实例通道（none）,nil,否,,Get,文档名拼接：去前缀候选 GetKeyAt 亦不存在（该对象运行时仅 5 法：Add/Get/GetValue/Remove/SetValue）,,双端未见,文档存疑：UI 未见,,
A-UIGetGameParametersGetSetValueAt,ACTION,UI,GetGameParameters,GetSetValueAt,Colon (Instance),UI,objects,colon-sub,__SC.C_UI_P_GetGameParameters.GetSetValueAt,,ERR,不可判,,,类 UI 在该上下文无实例通道（none）,nil,否,,Get SetValue,文档名拼接：去前缀候选 SetValueAt 亦不存在（该对象运行时仅 5 法：Add/Get/GetValue/Remove/SetValue）,,双端未见,文档存疑：UI 未见,,
Q-UIGetGameParametersGetGetAt,QUERY,UI,GetGameParameters,GetGetAt,Colon (Instance),UI,objects,colon-sub,__SC.C_UI_P_GetGameParameters.GetGetAt,,ERR,不可判,,,类 UI 在该上下文无实例通道（none）,nil,否,,Get,文档名拼接：去前缀候选 GetAt 亦不存在（该对象运行时仅 5 法：Add/Get/GetValue/Remove/SetValue）,,双端未见,文档存疑：UI 未见,,
Q-UIGetGameParametersGetGetValueIndex,QUERY,UI,GetGameParameters,GetGetValueIndex,Colon (Instance),UI,objects,colon-sub,__SC.C_UI_P_GetGameParameters.GetGetValueIndex,,ERR,不可判,,,类 UI 在该上下文无实例通道（none）,nil,否,,Get GetValue,文档名拼接：去前缀候选 GetValueIndex 亦不存在（该对象运行时仅 5 法：Add/Get/GetValue/Remove/SetValue）,,双端未见,文档存疑：UI 未见,,
Q-UIGetGameParametersGetContainsValue,QUERY,UI,GetGameParameters,GetContainsValue,Colon (Instance),UI,objects,colon-sub,__SC.C_UI_P_GetGameParameters.GetContainsValue,,ERR,不可判,,,类 UI 在该上下文无实例通道（none）,nil,否,,Get,文档名拼接：去前缀候选 ContainsValue 亦不存在（该对象运行时仅 5 法：Add/Get/GetValue/Remove/SetValue）,,双端未见,文档存疑：UI 未见,,
A-UIGetGameParametersGetInsertValueAt,ACTION,UI,GetGameParameters,GetInsertValueAt,Colon (Instance),UI,objects,colon-sub,__SC.C_UI_P_GetGameParameters.GetInsertValueAt,,ERR,不可判,,,类 UI 在该上下文无实例通道（none）,nil,否,,Get,文档名拼接：去前缀候选 InsertValueAt 亦不存在（该对象运行时仅 5 法：Add/Get/GetValue/Remove/SetValue）,,双端未见,文档存疑：UI 未见,,
A-UIZoomMap,ACTION,UI,ZoomMap,,Dot (Global),Both,objects,dot,UI.ZoomMap,,ERR,否,,,命名空间 UI 在该上下文不存在,nil,否,,,命名空间存在但无此成员,,双端未见,文档偏宽：双端均未见,,
A-UIExitGame,ACTION,UI,ExitGame,,Dot (Global),Both,objects,dot,UI.ExitGame,,ERR,否,,,命名空间 UI 在该上下文不存在,nil,否,,,命名空间存在但无此成员,,双端未见,文档偏宽：双端均未见,,
A-UIDataAssert,ACTION,UI,DataAssert,,Dot (Global),Both,objects,dot,UI.DataAssert,,ERR,否,,,命名空间 UI 在该上下文不存在,nil,否,,,命名空间存在但无此成员,,双端未见,文档偏宽：双端均未见,,
Q-UIGetWorldFromNormalizedScr,QUERY,UI,GetWorldFromNormalizedScr,,Dot (Global),Both,objects,dot,UI.GetWorldFromNormalizedScr,,ERR,否,,,命名空间 UI 在该上下文不存在,nil,否,,,命名空间存在但无此成员,,双端未见,文档偏宽：双端均未见,,
A-UIPostKeyMessage,ACTION,UI,PostKeyMessage,,Dot (Global),Both,objects,dot,UI.PostKeyMessage,,ERR,否,,,命名空间 UI 在该上下文不存在,nil,否,,,命名空间存在但无此成员,,双端未见,文档偏宽：双端均未见,,
Q-UILensSetLayerHexes,QUERY,UILens,SetLayerHexes,,Dot (Global),Both,objects,dot,UILens.SetLayerHexes,,ERR,否,,,命名空间 UILens 在该上下文不存在,nil,否,,,命名空间存在但无此成员,,双端未见,文档偏宽：双端均未见,,
A-InputSetCallback,ACTION,Input,SetCallback,,Dot (Global),UI,objects,dot,Input.SetCallback,,ERR,否,,,命名空间 Input 在该上下文不存在,nil,否,,,命名空间存在但无此成员,,双端未见,文档存疑：UI 未见,,
Q-InputGetMessageType,QUERY,Input,GetMessageType,,Dot (Global),UI,objects,dot,Input.GetMessageType,,ERR,否,,,命名空间 Input 在该上下文不存在,nil,否,,,命名空间存在但无此成员,,双端未见,文档存疑：UI 未见,,
Q-InputGetKey,QUERY,Input,GetKey,,Dot (Global),UI,objects,dot,Input.GetKey,,ERR,否,,,命名空间 Input 在该上下文不存在,nil,否,,,命名空间存在但无此成员,,双端未见,文档存疑：UI 未见,,
C-Calendar,CONTEXT,Calendar,,,Dot (Global),Both,objects,namespace,Calendar,,nil,否,,,命名空间在该上下文不存在,table,是,,,命名空间存在,,仅UI,文档偏宽：GP 未见,,
Q-CalendarMakeDateStr,QUERY,Calendar,MakeDateStr,,Dot (Global),Both,objects,dot,Calendar.MakeDateStr,,ERR,否,,,命名空间 Calendar 在该上下文不存在,function,是,,,,,仅UI,文档偏宽：GP 未见,"turn:::number, calendarHash:::number, gameSpeedHash:::number, unknown:::boolean",dateStr:::string
Q-CalendarMakeYearStr,QUERY,Calendar,MakeYearStr,,Dot (Global),Both,objects,dot,Calendar.MakeYearStr,,ERR,否,,,命名空间 Calendar 在该上下文不存在,function,是,,,,,仅UI,文档偏宽：GP 未见,turn:::number,yearDateStr:::string
Q-CalendarGetTurnYearForGame,QUERY,Calendar,GetTurnYearForGame,,Dot (Global),Both,objects,dot,Calendar.GetTurnYearForGame,,ERR,否,,,命名空间 Calendar 在该上下文不存在,function,是,,,,,仅UI,文档偏宽：GP 未见,,
Q-CalendarGetTurnMonthForGame,QUERY,Calendar,GetTurnMonthForGame,,Dot (Global),Both,objects,dot,Calendar.GetTurnMonthForGame,,ERR,否,,,命名空间 Calendar 在该上下文不存在,function,是,,,,,仅UI,文档偏宽：GP 未见,,
Q-GameSummaryGetDataSetCount,QUERY,GameSummary,GetDataSetCount,,Dot (Global),UI,objects,dot,GameSummary.GetDataSetCount,,function,是,,,,function,是,,,,,双端,文档偏窄：GP 亦可见,,amount:::number
Q-GameSummaryGetDataSetDisplayDescription,QUERY,GameSummary,GetDataSetDisplayDescription,,Dot (Global),UI,objects,dot,GameSummary.GetDataSetDisplayDescription,,function,是,,,,function,是,,,,,双端,文档偏窄：GP 亦可见,,desc:::string
Q-GameSummaryHasDataSetValues,QUERY,GameSummary,HasDataSetValues,,Dot (Global),UI,objects,dot,GameSummary.HasDataSetValues,,function,是,,,,function,是,,,,,双端,文档偏窄：GP 亦可见,,[True/False]:::boolean
Q-GameSummaryGetDataSetName,QUERY,GameSummary,GetDataSetName,,Dot (Global),UI,objects,dot,GameSummary.GetDataSetName,,function,是,,,,function,是,,,,,双端,文档偏窄：GP 亦可见,,
Q-GameSummaryGetDataSetValues,QUERY,GameSummary,GetDataSetValues,,Dot (Global),UI,objects,dot,GameSummary.GetDataSetValues,,function,是,,,,function,是,,,,,双端,文档偏窄：GP 亦可见,,
Q-GameSummaryCoalesceDataSet,QUERY,GameSummary,CoalesceDataSet,,Dot (Global),UI,objects,dot,GameSummary.CoalesceDataSet,,function,是,,,,function,是,,,,,双端,文档偏窄：GP 亦可见,,
Q-GameSummaryGetDataSetDisplayName,QUERY,GameSummary,GetDataSetDisplayName,,Dot (Global),UI,objects,dot,GameSummary.GetDataSetDisplayName,,function,是,,,,function,是,,,,,双端,文档偏窄：GP 亦可见,,
Q-GameSummaryGetDataSetVisible,QUERY,GameSummary,GetDataSetVisible,,Dot (Global),UI,objects,dot,GameSummary.GetDataSetVisible,,function,是,,,,function,是,,,,,双端,文档偏窄：GP 亦可见,,
Q-GameSummaryGetDataSetValue,QUERY,GameSummary,GetDataSetValue,,Dot (Global),UI,objects,dot,GameSummary.GetDataSetValue,,function,是,,,,function,是,,,,,双端,文档偏窄：GP 亦可见,,
Q-GameSummaryGetDataPoints,QUERY,GameSummary,GetDataPoints,,Dot (Global),Both,objects,dot,GameSummary.GetDataPoints,,function,是,,,,nil,否,,,命名空间存在但无此成员,,仅GP,文档偏宽：UI 未见,,
Q-GameSummaryGetOrCreateDataSet,QUERY,GameSummary,GetOrCreateDataSet,,Dot (Global),Both,objects,dot,GameSummary.GetOrCreateDataSet,,function,是,,,,nil,否,,,命名空间存在但无此成员,,仅GP,文档偏宽：UI 未见,,
Q-GameSummaryFindDataSet,QUERY,GameSummary,FindDataSet,,Dot (Global),Both,objects,dot,GameSummary.FindDataSet,,function,是,,,,nil,否,,,命名空间存在但无此成员,,仅GP,文档偏宽：UI 未见,,
Q-GameSummaryGetCityObject,QUERY,GameSummary,GetCityObject,,Dot (Global),Both,objects,dot,GameSummary.GetCityObject,,function,是,,,,nil,否,,,命名空间存在但无此成员,,仅GP,文档偏宽：UI 未见,,
Q-GameSummaryGetDataSets,QUERY,GameSummary,GetDataSets,,Dot (Global),Both,objects,dot,GameSummary.GetDataSets,,function,是,,,,nil,否,,,命名空间存在但无此成员,,仅GP,文档偏宽：UI 未见,,
Q-GameSummaryGetObjects,QUERY,GameSummary,GetObjects,,Dot (Global),Both,objects,dot,GameSummary.GetObjects,,function,是,,,,nil,否,,,命名空间存在但无此成员,,仅GP,文档偏宽：UI 未见,,
Q-GameSummaryGetOrCreateDataPoint,QUERY,GameSummary,GetOrCreateDataPoint,,Dot (Global),Both,objects,dot,GameSummary.GetOrCreateDataPoint,,function,是,,,,nil,否,,,命名空间存在但无此成员,,仅GP,文档偏宽：UI 未见,,
A-GameSummarySetDataPoint,ACTION,GameSummary,SetDataPoint,,Dot (Global),Both,objects,dot,GameSummary.SetDataPoint,,function,是,,,,nil,否,,,命名空间存在但无此成员,,仅GP,文档偏宽：UI 未见,,
Q-GameSummaryGetLastDataSetValue,QUERY,GameSummary,GetLastDataSetValue,,Dot (Global),Both,objects,dot,GameSummary.GetLastDataSetValue,,function,是,,,,nil,否,,,命名空间存在但无此成员,,仅GP,文档偏宽：UI 未见,,
Q-GameSummaryLookupDataSet,QUERY,GameSummary,LookupDataSet,,Dot (Global),Both,objects,dot,GameSummary.LookupDataSet,,function,是,,,,nil,否,,,命名空间存在但无此成员,,仅GP,文档偏宽：UI 未见,,
Q-GameSummaryAdjustDataSetValue,QUERY,GameSummary,AdjustDataSetValue,,Dot (Global),Both,objects,dot,GameSummary.AdjustDataSetValue,,function,是,,,,nil,否,,,命名空间存在但无此成员,,仅GP,文档偏宽：UI 未见,,
A-GameSummaryUpdateDataPoint,ACTION,GameSummary,UpdateDataPoint,,Dot (Global),Both,objects,dot,GameSummary.UpdateDataPoint,,function,是,,,,nil,否,,,命名空间存在但无此成员,,仅GP,文档偏宽：UI 未见,,
Q-GameSummaryLookupDataPoint,QUERY,GameSummary,LookupDataPoint,,Dot (Global),Both,objects,dot,GameSummary.LookupDataPoint,,function,是,,,,nil,否,,,命名空间存在但无此成员,,仅GP,文档偏宽：UI 未见,,
A-GameSummarySetRulesetType,ACTION,GameSummary,SetRulesetType,,Dot (Global),Both,objects,dot,GameSummary.SetRulesetType,,function,是,,,,nil,否,,,命名空间存在但无此成员,,仅GP,文档偏宽：UI 未见,,
Q-GameSummaryGetPlayerObject,QUERY,GameSummary,GetPlayerObject,,Dot (Global),Both,objects,dot,GameSummary.GetPlayerObject,,function,是,,,,nil,否,,,命名空间存在但无此成员,,仅GP,文档偏宽：UI 未见,,
A-GameSummaryCreateObject,ACTION,GameSummary,CreateObject,,Dot (Global),Both,objects,dot,GameSummary.CreateObject,,function,是,,,,nil,否,,,命名空间存在但无此成员,,仅GP,文档偏宽：UI 未见,,
Q-GameSummarySetDataSetValue,QUERY,GameSummary,SetDataSetValue,,Dot (Global),Both,objects,dot,GameSummary.SetDataSetValue,,function,是,,,,nil,否,,,命名空间存在但无此成员,,仅GP,文档偏宽：UI 未见,,
Q-GameSummaryGetRulesetTypes,QUERY,GameSummary,GetRulesetTypes,,Dot (Global),Both,objects,dot,GameSummary.GetRulesetTypes,,function,是,,,,nil,否,,,命名空间存在但无此成员,,仅GP,文档偏宽：UI 未见,,
Q-GameSummaryFindDataPoint,QUERY,GameSummary,FindDataPoint,,Dot (Global),Both,objects,dot,GameSummary.FindDataPoint,,function,是,,,,nil,否,,,命名空间存在但无此成员,,仅GP,文档偏宽：UI 未见,,
A-IconManagerUpdateIcon,ACTION,IconManager,UpdateIcon,,Colon (Instance),UI,objects,colon,__SC.C_IconManager.UpdateIcon,,ERR,否,,,该上下文既无同名模块/全局，也无实例通道,nil,否,,,经 global-as-instance 检查：无此方法,,双端未见,文档存疑：UI 未见,,
Q-IconManagerFindIconAtlasForType,QUERY,IconManager,FindIconAtlasForType,,Colon (Instance),UI,objects,colon,__SC.C_IconManager.FindIconAtlasForType,,ERR,否,,,该上下文既无同名模块/全局，也无实例通道,nil,否,,,经 global-as-instance 检查：无此方法,,双端未见,文档存疑：UI 未见,,
A-IconManagerUpdateIconFromPlayerID,ACTION,IconManager,UpdateIconFromPlayerID,,Colon (Instance),UI,objects,colon,__SC.C_IconManager.UpdateIconFromPlayerID,,ERR,否,,,该上下文既无同名模块/全局，也无实例通道,nil,否,,,经 global-as-instance 检查：无此方法,,双端未见,文档存疑：UI 未见,,
A-IconManagerUpdateIconSimple,ACTION,IconManager,UpdateIconSimple,,Colon (Instance),UI,objects,colon,__SC.C_IconManager.UpdateIconSimple,,ERR,否,,,该上下文既无同名模块/全局，也无实例通道,nil,否,,,经 global-as-instance 检查：无此方法,,双端未见,文档存疑：UI 未见,,
A-IconManagerSetLeaderTooltip,ACTION,IconManager,SetLeaderTooltip,,Colon (Instance),UI,objects,colon,__SC.C_IconManager.SetLeaderTooltip,,ERR,否,,,该上下文既无同名模块/全局，也无实例通道,nil,否,,,经 global-as-instance 检查：无此方法,,双端未见,文档存疑：UI 未见,,
A-UnitManagerSetLifespan,ACTION,UnitManager,SetLifespan,,Dot (Global),GamePlay,moduleObjects,dot,UnitManager.SetLifespan,,nil,否,,,命名空间存在但无此成员,nil,否,,,命名空间存在但无此成员,,双端未见,文档存疑：GP 未见,"Unit:::object, newLifespan:::number",
Q-UnitManagerGetUnitType,QUERY,UnitManager,GetUnitType,,Dot (Global),GamePlay,moduleObjects,dot,UnitManager.GetUnitType,,nil,否,,,命名空间存在但无此成员,nil,否,,,命名空间存在但无此成员,,双端未见,文档存疑：GP 未见,Unit:::object,unitType:::string
Q-UnitManagerGetLifespan,QUERY,UnitManager,GetLifespan,,Dot (Global),Both,moduleObjects,dot,UnitManager.GetLifespan,,nil,否,,,命名空间存在但无此成员,nil,否,,,命名空间存在但无此成员,,双端未见,文档偏宽：双端均未见,Unit:::object,lifespan:::number
A-UnitManagerChangeLifespan,ACTION,UnitManager,ChangeLifespan,,Dot (Global),GamePlay,moduleObjects,dot,UnitManager.ChangeLifespan,,nil,否,,,命名空间存在但无此成员,nil,否,,,命名空间存在但无此成员,,双端未见,文档存疑：GP 未见,"Unit:::object, amount:::number",
A-UnitManagerResetLifespan,ACTION,UnitManager,ResetLifespan,,Dot (Global),GamePlay,moduleObjects,dot,UnitManager.ResetLifespan,,nil,否,,,命名空间存在但无此成员,nil,否,,,命名空间存在但无此成员,,双端未见,文档存疑：GP 未见,Unit:::object,
A-UnitManagerSetMaxHitPoints,ACTION,UnitManager,SetMaxHitPoints,,Dot (Global),GamePlay,moduleObjects,dot,UnitManager.SetMaxHitPoints,,nil,否,,,命名空间存在但无此成员,nil,否,,,命名空间存在但无此成员,,双端未见,文档存疑：GP 未见,"Unit:::object, newMaxHitPoints:::number",
Q-UnitManagerGetMaxHitPoints,QUERY,UnitManager,GetMaxHitPoints,,Dot (Global),Both,moduleObjects,dot,UnitManager.GetMaxHitPoints,,nil,否,,,命名空间存在但无此成员,nil,否,,,命名空间存在但无此成员,,双端未见,文档偏宽：双端均未见,Unit:::object,maxHitPoints:::number
A-UnitManagerChangeMaxHitPoints,ACTION,UnitManager,ChangeMaxHitPoints,,Dot (Global),GamePlay,moduleObjects,dot,UnitManager.ChangeMaxHitPoints,,nil,否,,,命名空间存在但无此成员,nil,否,,,命名空间存在但无此成员,,双端未见,文档存疑：GP 未见,"Unit:::object, amount:::number",
A-UnitManagerSetDefaultMaxHitPoints,ACTION,UnitManager,SetDefaultMaxHitPoints,,Dot (Global),GamePlay,moduleObjects,dot,UnitManager.SetDefaultMaxHitPoints,,nil,否,,,命名空间存在但无此成员,nil,否,,,命名空间存在但无此成员,,双端未见,文档存疑：GP 未见,"unitType:::string, playerID:::number, hitPoints:::number",
C-InstanceManager,CONTEXT,InstanceManager,,,Colon (Instance),Both,moduleObjects,colon-obj,__SC.C_InstanceManager,,nil,否,,,该上下文既无同名模块/全局，也无实例通道,table,是,,,经 global-as-instance 检出,,仅UI,文档偏宽：GP 未见,,
A-InstanceManagernew,ACTION,InstanceManager,new,,Colon (Instance),Both,moduleObjects,colon,__SC.C_InstanceManager.new,,ERR,否,,,该上下文既无同名模块/全局，也无实例通道,function,是,,,经 global-as-instance 检出,,仅UI,文档偏宽：GP 未见,"instanceName:::string, rootControlName:::string, parentControl:::string",
Q-InstanceManagerGetInstance,QUERY,InstanceManager,GetInstance,,Colon (Instance),Both,moduleObjects,colon,__SC.C_InstanceManager.GetInstance,,ERR,否,,,该上下文既无同名模块/全局，也无实例通道,function,是,,,经 global-as-instance 检出,,仅UI,文档偏宽：GP 未见,newParent:::object,instance:::object
Q-InstanceManagerGetAllocatedInstance,QUERY,InstanceManager,GetAllocatedInstance,,Colon (Instance),Both,moduleObjects,colon,__SC.C_InstanceManager.GetAllocatedInstance,,ERR,否,,,该上下文既无同名模块/全局，也无实例通道,function,是,,,经 global-as-instance 检出,,仅UI,文档偏宽：GP 未见,index:::number,instance:::object
A-InstanceManagerReleaseInstance,ACTION,InstanceManager,ReleaseInstance,,Colon (Instance),Both,moduleObjects,colon,__SC.C_InstanceManager.ReleaseInstance,,ERR,否,,,该上下文既无同名模块/全局，也无实例通道,function,是,,,经 global-as-instance 检出,,仅UI,文档偏宽：GP 未见,instance:::object,
A-InstanceManagerReleaseInstanceByParent,ACTION,InstanceManager,ReleaseInstanceByParent,,Colon (Instance),Both,moduleObjects,colon,__SC.C_InstanceManager.ReleaseInstanceByParent,,ERR,否,,,该上下文既无同名模块/全局，也无实例通道,function,是,,,经 global-as-instance 检出,,仅UI,文档偏宽：GP 未见,controlInstance:::object,
Q-InstanceManagerFindInstanceByControl,QUERY,InstanceManager,FindInstanceByControl,,Colon (Instance),Both,moduleObjects,colon,__SC.C_InstanceManager.FindInstanceByControl,,ERR,否,,,该上下文既无同名模块/全局，也无实例通道,function,是,,,经 global-as-instance 检出,,仅UI,文档偏宽：GP 未见,controlInstance:::object,instance:::object
A-InstanceManagerBuildInstance,ACTION,InstanceManager,BuildInstance,,Colon (Instance),Both,moduleObjects,colon,__SC.C_InstanceManager.BuildInstance,,ERR,否,,,该上下文既无同名模块/全局，也无实例通道,function,是,,,经 global-as-instance 检出,,仅UI,文档偏宽：GP 未见,,
A-InstanceManagerResetInstances,ACTION,InstanceManager,ResetInstances,,Colon (Instance),Both,moduleObjects,colon,__SC.C_InstanceManager.ResetInstances,,ERR,否,,,该上下文既无同名模块/全局，也无实例通道,function,是,,,经 global-as-instance 检出,,仅UI,文档偏宽：GP 未见,,
A-InstanceManagerDestroyInstances,ACTION,InstanceManager,DestroyInstances,,Colon (Instance),Both,moduleObjects,colon,__SC.C_InstanceManager.DestroyInstances,,ERR,否,,,该上下文既无同名模块/全局，也无实例通道,function,是,,,经 global-as-instance 检出,,仅UI,文档偏宽：GP 未见,,
C-GenerationalInstanceManager,CONTEXT,GenerationalInstanceManager,,,Colon (Instance),Both,moduleObjects,colon-obj,__SC.C_GenerationalInstanceManager,,nil,否,,,该上下文既无同名模块/全局，也无实例通道,table,是,,,经 global-as-instance 检出,,仅UI,文档偏宽：GP 未见,,
A-GenerationalInstanceManagernew,ACTION,GenerationalInstanceManager,new,,Colon (Instance),Both,moduleObjects,colon,__SC.C_GenerationalInstanceManager.new,,ERR,否,,,该上下文既无同名模块/全局，也无实例通道,function,是,,,经 global-as-instance 检出,,仅UI,文档偏宽：GP 未见,"instanceName:::string, rootControlName:::string, parentControl:::string",
Q-GenerationalInstanceManagerGetInstance,QUERY,GenerationalInstanceManager,GetInstance,,Colon (Instance),Both,moduleObjects,colon,__SC.C_GenerationalInstanceManager.GetInstance,,ERR,否,,,该上下文既无同名模块/全局，也无实例通道,function,是,,,经 global-as-instance 检出,,仅UI,文档偏宽：GP 未见,,instance:::object
A-GenerationalInstanceManagerBuildInstance,ACTION,GenerationalInstanceManager,BuildInstance,,Colon (Instance),Both,moduleObjects,colon,__SC.C_GenerationalInstanceManager.BuildInstance,,ERR,否,,,该上下文既无同名模块/全局，也无实例通道,function,是,,,经 global-as-instance 检出,,仅UI,文档偏宽：GP 未见,,
A-GenerationalInstanceManagerResetInstances,ACTION,GenerationalInstanceManager,ResetInstances,,Colon (Instance),Both,moduleObjects,colon,__SC.C_GenerationalInstanceManager.ResetInstances,,ERR,否,,,该上下文既无同名模块/全局，也无实例通道,function,是,,,经 global-as-instance 检出,,仅UI,文档偏宽：GP 未见,,
C-PullDownInstanceManager,CONTEXT,PullDownInstanceManager,,,Colon (Instance),Both,moduleObjects,colon-obj,__SC.C_PullDownInstanceManager,,nil,否,,,该上下文既无同名模块/全局，也无实例通道,table,是,,,经 global-as-instance 检出,,仅UI,文档偏宽：GP 未见,,
A-PullDownInstanceManagernew,ACTION,PullDownInstanceManager,new,,Colon (Instance),Both,moduleObjects,colon,__SC.C_PullDownInstanceManager.new,,ERR,否,,,该上下文既无同名模块/全局，也无实例通道,function,是,,,经 global-as-instance 检出,,仅UI,文档偏宽：GP 未见,"instanceName:::string, rootControlName:::string, pullDownControl:::string",
Q-PullDownInstanceManagerGetInstance,QUERY,PullDownInstanceManager,GetInstance,,Colon (Instance),Both,moduleObjects,colon,__SC.C_PullDownInstanceManager.GetInstance,,ERR,否,,,该上下文既无同名模块/全局，也无实例通道,function,是,,,经 global-as-instance 检出,,仅UI,文档偏宽：GP 未见,,instance:::object
A-PullDownInstanceManagerBuildInstance,ACTION,PullDownInstanceManager,BuildInstance,,Colon (Instance),Both,moduleObjects,colon,__SC.C_PullDownInstanceManager.BuildInstance,,ERR,否,,,该上下文既无同名模块/全局，也无实例通道,function,是,,,经 global-as-instance 检出,,仅UI,文档偏宽：GP 未见,,
A-PullDownInstanceManagerResetInstances,ACTION,PullDownInstanceManager,ResetInstances,,Colon (Instance),Both,moduleObjects,colon,__SC.C_PullDownInstanceManager.ResetInstances,,ERR,否,,,该上下文既无同名模块/全局，也无实例通道,function,是,,,经 global-as-instance 检出,,仅UI,文档偏宽：GP 未见,,
C-Relationship,CONTEXT,Relationship,,,Dot (Global),Both,moduleObjects,namespace,Relationship,,nil,否,,,命名空间在该上下文不存在,nil,否,,,命名空间在该上下文不存在,,双端未见,文档偏宽：双端均未见,,
A-RelationshipIsValidWithAI,ACTION,Relationship,IsValidWithAI,,Dot (Global),Both,moduleObjects,dot,Relationship.IsValidWithAI,,ERR,否,,,命名空间 Relationship 在该上下文不存在,ERR,否,,,命名空间 Relationship 在该上下文不存在,,双端未见,文档偏宽：双端均未见,relationshipType:::string,[True/False]:::boolean
A-RelationshipIsValidWithHuman,ACTION,Relationship,IsValidWithHuman,,Dot (Global),Both,moduleObjects,dot,Relationship.IsValidWithHuman,,ERR,否,,,命名空间 Relationship 在该上下文不存在,ERR,否,,,命名空间 Relationship 在该上下文不存在,,双端未见,文档偏宽：双端均未见,relationshipType:::string,[True/False]:::boolean
C-Tests.QuitApp,CONTEXT,Tests.QuitApp,,,Dot (Global),Both,moduleObjects,namespace,Tests.QuitApp,,ERR,否,,,命名空间在该上下文不存在,ERR,否,,,命名空间在该上下文不存在,,双端未见,文档偏宽：双端均未见,,
A-Tests.QuitAppRun,ACTION,Tests.QuitApp,Run,,Dot (Global),Both,moduleObjects,dot,Tests.QuitApp.Run,,ERR,否,,,命名空间 Tests.QuitApp 在该上下文不存在,ERR,否,,,命名空间 Tests.QuitApp 在该上下文不存在,,双端未见,文档偏宽：双端均未见,,
C-Tests.QuitGame,CONTEXT,Tests.QuitGame,,,Dot (Global),Both,moduleObjects,namespace,Tests.QuitGame,,ERR,否,,,命名空间在该上下文不存在,ERR,否,,,命名空间在该上下文不存在,,双端未见,文档偏宽：双端均未见,,
A-Tests.QuitGameRun,ACTION,Tests.QuitGame,Run,,Dot (Global),Both,moduleObjects,dot,Tests.QuitGame.Run,,ERR,否,,,命名空间 Tests.QuitGame 在该上下文不存在,ERR,否,,,命名空间 Tests.QuitGame 在该上下文不存在,,双端未见,文档偏宽：双端均未见,,
C-Tests.PauseGame,CONTEXT,Tests.PauseGame,,,Dot (Global),Both,moduleObjects,namespace,Tests.PauseGame,,ERR,否,,,命名空间在该上下文不存在,ERR,否,,,命名空间在该上下文不存在,,双端未见,文档偏宽：双端均未见,,
A-Tests.PauseGameRun,ACTION,Tests.PauseGame,Run,,Dot (Global),Both,moduleObjects,dot,Tests.PauseGame.Run,,ERR,否,,,命名空间 Tests.PauseGame 在该上下文不存在,ERR,否,,,命名空间 Tests.PauseGame 在该上下文不存在,,双端未见,文档偏宽：双端均未见,,
C-Tests.End,CONTEXT,Tests.End,,,Dot (Global),Both,moduleObjects,namespace,Tests.End,,ERR,否,,,命名空间在该上下文不存在,ERR,否,,,命名空间在该上下文不存在,,双端未见,文档偏宽：双端均未见,,
A-Tests.EndRun,ACTION,Tests.End,Run,,Dot (Global),Both,moduleObjects,dot,Tests.End.Run,,ERR,否,,,命名空间 Tests.End 在该上下文不存在,ERR,否,,,命名空间 Tests.End 在该上下文不存在,,双端未见,文档偏宽：双端均未见,,
C-TunerUtilities,CONTEXT,TunerUtilities,,,Colon (Instance),Both,moduleObjects,colon-obj,__SC.C_TunerUtilities,,nil,否,,,该上下文既无同名模块/全局，也无实例通道,table,是,,,经 global-as-instance 检出,,仅UI,文档偏宽：GP 未见,,
Q-TunerUtilitiesStringify,QUERY,TunerUtilities,Stringify,,Colon (Instance),Both,moduleObjects,colon,__SC.C_TunerUtilities.Stringify,,ERR,否,,,该上下文既无同名模块/全局，也无实例通道,function,是,,,经 global-as-instance 检出,,仅UI,文档偏宽：GP 未见,,
Q-TunerUtilitiesFromCSV,QUERY,TunerUtilities,FromCSV,,Colon (Instance),Both,moduleObjects,colon,__SC.C_TunerUtilities.FromCSV,,ERR,否,,,该上下文既无同名模块/全局，也无实例通道,function,是,,,经 global-as-instance 检出,,仅UI,文档偏宽：GP 未见,,
Q-TunerUtilitiesGetContextTree,QUERY,TunerUtilities,GetContextTree,,Colon (Instance),Both,moduleObjects,colon,__SC.C_TunerUtilities.GetContextTree,,ERR,否,,,该上下文既无同名模块/全局，也无实例通道,function,是,,,经 global-as-instance 检出,,仅UI,文档偏宽：GP 未见,,
Q-TunerUtilitiesGetControlChildren,QUERY,TunerUtilities,GetControlChildren,,Colon (Instance),Both,moduleObjects,colon,__SC.C_TunerUtilities.GetControlChildren,,ERR,否,,,该上下文既无同名模块/全局，也无实例通道,function,是,,,经 global-as-instance 检出,,仅UI,文档偏宽：GP 未见,,
Q-TunerUtilitiesGetControlString,QUERY,TunerUtilities,GetControlString,,Colon (Instance),Both,moduleObjects,colon,__SC.C_TunerUtilities.GetControlString,,ERR,否,,,该上下文既无同名模块/全局，也无实例通道,function,是,,,经 global-as-instance 检出,,仅UI,文档偏宽：GP 未见,,
Q-TunerUtilitiesOnContextTreeSelection,QUERY,TunerUtilities,OnContextTreeSelection,,Colon (Instance),Both,moduleObjects,colon,__SC.C_TunerUtilities.OnContextTreeSelection,,ERR,否,,,该上下文既无同名模块/全局，也无实例通道,function,是,,,经 global-as-instance 检出,,仅UI,文档偏宽：GP 未见,,
Q-TunerUtilitiesFindControlFromPath,QUERY,TunerUtilities,FindControlFromPath,,Colon (Instance),Both,moduleObjects,colon,__SC.C_TunerUtilities.FindControlFromPath,,ERR,否,,,该上下文既无同名模块/全局，也无实例通道,function,是,,,经 global-as-instance 检出,,仅UI,文档偏宽：GP 未见,,
Q-TunerUtilitiesGetNavigationOptions,QUERY,TunerUtilities,GetNavigationOptions,,Colon (Instance),Both,moduleObjects,colon,__SC.C_TunerUtilities.GetNavigationOptions,,ERR,否,,,该上下文既无同名模块/全局，也无实例通道,function,是,,,经 global-as-instance 检出,,仅UI,文档偏宽：GP 未见,,
Q-TunerUtilitiesSetNavigationOption,QUERY,TunerUtilities,SetNavigationOption,,Colon (Instance),Both,moduleObjects,colon,__SC.C_TunerUtilities.SetNavigationOption,,ERR,否,,,该上下文既无同名模块/全局，也无实例通道,function,是,,,经 global-as-instance 检出,,仅UI,文档偏宽：GP 未见,,
Q-TunerUtilitiesGetModalNavigationOptions,QUERY,TunerUtilities,GetModalNavigationOptions,,Colon (Instance),Both,moduleObjects,colon,__SC.C_TunerUtilities.GetModalNavigationOptions,,ERR,否,,,该上下文既无同名模块/全局，也无实例通道,function,是,,,经 global-as-instance 检出,,仅UI,文档偏宽：GP 未见,,
Q-TunerUtilitiesGetPopupNavigationOptions,QUERY,TunerUtilities,GetPopupNavigationOptions,,Colon (Instance),Both,moduleObjects,colon,__SC.C_TunerUtilities.GetPopupNavigationOptions,,ERR,否,,,该上下文既无同名模块/全局，也无实例通道,function,是,,,经 global-as-instance 检出,,仅UI,文档偏宽：GP 未见,,
Q-TunerUtilitiesNavigateForward,QUERY,TunerUtilities,NavigateForward,,Colon (Instance),Both,moduleObjects,colon,__SC.C_TunerUtilities.NavigateForward,,ERR,否,,,该上下文既无同名模块/全局，也无实例通道,function,是,,,经 global-as-instance 检出,,仅UI,文档偏宽：GP 未见,,
Q-TunerUtilitiesNavigateBackward,QUERY,TunerUtilities,NavigateBackward,,Colon (Instance),Both,moduleObjects,colon,__SC.C_TunerUtilities.NavigateBackward,,ERR,否,,,该上下文既无同名模块/全局，也无实例通道,function,是,,,经 global-as-instance 检出,,仅UI,文档偏宽：GP 未见,,
Q-TunerUtilitiesNavigateToRoot,QUERY,TunerUtilities,NavigateToRoot,,Colon (Instance),Both,moduleObjects,colon,__SC.C_TunerUtilities.NavigateToRoot,,ERR,否,,,该上下文既无同名模块/全局，也无实例通道,function,是,,,经 global-as-instance 检出,,仅UI,文档偏宽：GP 未见,,
Q-TunerUtilitiesSetSelectedControl,QUERY,TunerUtilities,SetSelectedControl,,Colon (Instance),Both,moduleObjects,colon,__SC.C_TunerUtilities.SetSelectedControl,,ERR,否,,,该上下文既无同名模块/全局，也无实例通道,function,是,,,经 global-as-instance 检出,,仅UI,文档偏宽：GP 未见,,
Q-TunerUtilitiesGetSelectedControlPath,QUERY,TunerUtilities,GetSelectedControlPath,,Colon (Instance),Both,moduleObjects,colon,__SC.C_TunerUtilities.GetSelectedControlPath,,ERR,否,,,该上下文既无同名模块/全局，也无实例通道,function,是,,,经 global-as-instance 检出,,仅UI,文档偏宽：GP 未见,,
Q-TunerUtilitiesSetSelectedControlPath,QUERY,TunerUtilities,SetSelectedControlPath,,Colon (Instance),Both,moduleObjects,colon,__SC.C_TunerUtilities.SetSelectedControlPath,,ERR,否,,,该上下文既无同名模块/全局，也无实例通道,function,是,,,经 global-as-instance 检出,,仅UI,文档偏宽：GP 未见,,
Q-TunerUtilitiesGetSelectedChildren,QUERY,TunerUtilities,GetSelectedChildren,,Colon (Instance),Both,moduleObjects,colon,__SC.C_TunerUtilities.GetSelectedChildren,,ERR,否,,,该上下文既无同名模块/全局，也无实例通道,function,是,,,经 global-as-instance 检出,,仅UI,文档偏宽：GP 未见,,
Q-TunerUtilitiesGetMouseOverControls,QUERY,TunerUtilities,GetMouseOverControls,,Colon (Instance),Both,moduleObjects,colon,__SC.C_TunerUtilities.GetMouseOverControls,,ERR,否,,,该上下文既无同名模块/全局，也无实例通道,function,是,,,经 global-as-instance 检出,,仅UI,文档偏宽：GP 未见,,
Q-TunerUtilitiesSetMousePick,QUERY,TunerUtilities,SetMousePick,,Colon (Instance),Both,moduleObjects,colon,__SC.C_TunerUtilities.SetMousePick,,ERR,否,,,该上下文既无同名模块/全局，也无实例通道,function,是,,,经 global-as-instance 检出,,仅UI,文档偏宽：GP 未见,,
Q-TunerUtilitiesGetControlUnderMouse,QUERY,TunerUtilities,GetControlUnderMouse,,Colon (Instance),Both,moduleObjects,colon,__SC.C_TunerUtilities.GetControlUnderMouse,,ERR,否,,,该上下文既无同名模块/全局，也无实例通道,function,是,,,经 global-as-instance 检出,,仅UI,文档偏宽：GP 未见,,
Q-TunerUtilitiesGetSelectedID,QUERY,TunerUtilities,GetSelectedID,,Colon (Instance),Both,moduleObjects,colon,__SC.C_TunerUtilities.GetSelectedID,,ERR,否,,,该上下文既无同名模块/全局，也无实例通道,function,是,,,经 global-as-instance 检出,,仅UI,文档偏宽：GP 未见,,
Q-TunerUtilitiesGetSelectedType,QUERY,TunerUtilities,GetSelectedType,,Colon (Instance),Both,moduleObjects,colon,__SC.C_TunerUtilities.GetSelectedType,,ERR,否,,,该上下文既无同名模块/全局，也无实例通道,function,是,,,经 global-as-instance 检出,,仅UI,文档偏宽：GP 未见,,
Q-TunerUtilitiesGetSelectedVisible,QUERY,TunerUtilities,GetSelectedVisible,,Colon (Instance),Both,moduleObjects,colon,__SC.C_TunerUtilities.GetSelectedVisible,,ERR,否,,,该上下文既无同名模块/全局，也无实例通道,function,是,,,经 global-as-instance 检出,,仅UI,文档偏宽：GP 未见,,
Q-TunerUtilitiesSetSelectedVisible,QUERY,TunerUtilities,SetSelectedVisible,,Colon (Instance),Both,moduleObjects,colon,__SC.C_TunerUtilities.SetSelectedVisible,,ERR,否,,,该上下文既无同名模块/全局，也无实例通道,function,是,,,经 global-as-instance 检出,,仅UI,文档偏宽：GP 未见,,
Q-TunerUtilitiesGetSelectedEnabled,QUERY,TunerUtilities,GetSelectedEnabled,,Colon (Instance),Both,moduleObjects,colon,__SC.C_TunerUtilities.GetSelectedEnabled,,ERR,否,,,该上下文既无同名模块/全局，也无实例通道,function,是,,,经 global-as-instance 检出,,仅UI,文档偏宽：GP 未见,,
Q-TunerUtilitiesGetSelectedAlpha,QUERY,TunerUtilities,GetSelectedAlpha,,Colon (Instance),Both,moduleObjects,colon,__SC.C_TunerUtilities.GetSelectedAlpha,,ERR,否,,,该上下文既无同名模块/全局，也无实例通道,function,是,,,经 global-as-instance 检出,,仅UI,文档偏宽：GP 未见,,
Q-TunerUtilitiesSetSelectedAlpha,QUERY,TunerUtilities,SetSelectedAlpha,,Colon (Instance),Both,moduleObjects,colon,__SC.C_TunerUtilities.SetSelectedAlpha,,ERR,否,,,该上下文既无同名模块/全局，也无实例通道,function,是,,,经 global-as-instance 检出,,仅UI,文档偏宽：GP 未见,,
Q-TunerUtilitiesGetSelectedAnchor,QUERY,TunerUtilities,GetSelectedAnchor,,Colon (Instance),Both,moduleObjects,colon,__SC.C_TunerUtilities.GetSelectedAnchor,,ERR,否,,,该上下文既无同名模块/全局，也无实例通道,function,是,,,经 global-as-instance 检出,,仅UI,文档偏宽：GP 未见,,
Q-TunerUtilitiesSetSelectedAnchor,QUERY,TunerUtilities,SetSelectedAnchor,,Colon (Instance),Both,moduleObjects,colon,__SC.C_TunerUtilities.SetSelectedAnchor,,ERR,否,,,该上下文既无同名模块/全局，也无实例通道,function,是,,,经 global-as-instance 检出,,仅UI,文档偏宽：GP 未见,,
Q-TunerUtilitiesGetSelectedOffset,QUERY,TunerUtilities,GetSelectedOffset,,Colon (Instance),Both,moduleObjects,colon,__SC.C_TunerUtilities.GetSelectedOffset,,ERR,否,,,该上下文既无同名模块/全局，也无实例通道,function,是,,,经 global-as-instance 检出,,仅UI,文档偏宽：GP 未见,,
Q-TunerUtilitiesSetSelectedOffset,QUERY,TunerUtilities,SetSelectedOffset,,Colon (Instance),Both,moduleObjects,colon,__SC.C_TunerUtilities.SetSelectedOffset,,ERR,否,,,该上下文既无同名模块/全局，也无实例通道,function,是,,,经 global-as-instance 检出,,仅UI,文档偏宽：GP 未见,,
Q-TunerUtilitiesGetSelectedOffsetX,QUERY,TunerUtilities,GetSelectedOffsetX,,Colon (Instance),Both,moduleObjects,colon,__SC.C_TunerUtilities.GetSelectedOffsetX,,ERR,否,,,该上下文既无同名模块/全局，也无实例通道,function,是,,,经 global-as-instance 检出,,仅UI,文档偏宽：GP 未见,,
Q-TunerUtilitiesSetSelectedOffsetX,QUERY,TunerUtilities,SetSelectedOffsetX,,Colon (Instance),Both,moduleObjects,colon,__SC.C_TunerUtilities.SetSelectedOffsetX,,ERR,否,,,该上下文既无同名模块/全局，也无实例通道,function,是,,,经 global-as-instance 检出,,仅UI,文档偏宽：GP 未见,,
Q-TunerUtilitiesGetSelectedOffsetY,QUERY,TunerUtilities,GetSelectedOffsetY,,Colon (Instance),Both,moduleObjects,colon,__SC.C_TunerUtilities.GetSelectedOffsetY,,ERR,否,,,该上下文既无同名模块/全局，也无实例通道,function,是,,,经 global-as-instance 检出,,仅UI,文档偏宽：GP 未见,,
Q-TunerUtilitiesSetSelectedOffsetY,QUERY,TunerUtilities,SetSelectedOffsetY,,Colon (Instance),Both,moduleObjects,colon,__SC.C_TunerUtilities.SetSelectedOffsetY,,ERR,否,,,该上下文既无同名模块/全局，也无实例通道,function,是,,,经 global-as-instance 检出,,仅UI,文档偏宽：GP 未见,,
Q-TunerUtilitiesGetSelectedSize,QUERY,TunerUtilities,GetSelectedSize,,Colon (Instance),Both,moduleObjects,colon,__SC.C_TunerUtilities.GetSelectedSize,,ERR,否,,,该上下文既无同名模块/全局，也无实例通道,function,是,,,经 global-as-instance 检出,,仅UI,文档偏宽：GP 未见,,
Q-TunerUtilitiesSetSelectedSize,QUERY,TunerUtilities,SetSelectedSize,,Colon (Instance),Both,moduleObjects,colon,__SC.C_TunerUtilities.SetSelectedSize,,ERR,否,,,该上下文既无同名模块/全局，也无实例通道,function,是,,,经 global-as-instance 检出,,仅UI,文档偏宽：GP 未见,,
Q-TunerUtilitiesGetSelectedSizeX,QUERY,TunerUtilities,GetSelectedSizeX,,Colon (Instance),Both,moduleObjects,colon,__SC.C_TunerUtilities.GetSelectedSizeX,,ERR,否,,,该上下文既无同名模块/全局，也无实例通道,function,是,,,经 global-as-instance 检出,,仅UI,文档偏宽：GP 未见,,
Q-TunerUtilitiesSetSelectedSizeX,QUERY,TunerUtilities,SetSelectedSizeX,,Colon (Instance),Both,moduleObjects,colon,__SC.C_TunerUtilities.SetSelectedSizeX,,ERR,否,,,该上下文既无同名模块/全局，也无实例通道,function,是,,,经 global-as-instance 检出,,仅UI,文档偏宽：GP 未见,,
Q-TunerUtilitiesGetSelectedSizeY,QUERY,TunerUtilities,GetSelectedSizeY,,Colon (Instance),Both,moduleObjects,colon,__SC.C_TunerUtilities.GetSelectedSizeY,,ERR,否,,,该上下文既无同名模块/全局，也无实例通道,function,是,,,经 global-as-instance 检出,,仅UI,文档偏宽：GP 未见,,
Q-TunerUtilitiesSetSelectedSizeY,QUERY,TunerUtilities,SetSelectedSizeY,,Colon (Instance),Both,moduleObjects,colon,__SC.C_TunerUtilities.SetSelectedSizeY,,ERR,否,,,该上下文既无同名模块/全局，也无实例通道,function,是,,,经 global-as-instance 检出,,仅UI,文档偏宽：GP 未见,,
Q-TunerUtilitiesGetConsumesAllMouse,QUERY,TunerUtilities,GetConsumesAllMouse,,Colon (Instance),Both,moduleObjects,colon,__SC.C_TunerUtilities.GetConsumesAllMouse,,ERR,否,,,该上下文既无同名模块/全局，也无实例通道,function,是,,,经 global-as-instance 检出,,仅UI,文档偏宽：GP 未见,,
Q-TunerUtilitiesSetConsumesAllMouse,QUERY,TunerUtilities,SetConsumesAllMouse,,Colon (Instance),Both,moduleObjects,colon,__SC.C_TunerUtilities.SetConsumesAllMouse,,ERR,否,,,该上下文既无同名模块/全局，也无实例通道,function,是,,,经 global-as-instance 检出,,仅UI,文档偏宽：GP 未见,,
Q-TunerUtilitiesGetConsumeMouseButton,QUERY,TunerUtilities,GetConsumeMouseButton,,Colon (Instance),Both,moduleObjects,colon,__SC.C_TunerUtilities.GetConsumeMouseButton,,ERR,否,,,该上下文既无同名模块/全局，也无实例通道,function,是,,,经 global-as-instance 检出,,仅UI,文档偏宽：GP 未见,,
Q-TunerUtilitiesSetConsumeMouseButton,QUERY,TunerUtilities,SetConsumeMouseButton,,Colon (Instance),Both,moduleObjects,colon,__SC.C_TunerUtilities.SetConsumeMouseButton,,ERR,否,,,该上下文既无同名模块/全局，也无实例通道,function,是,,,经 global-as-instance 检出,,仅UI,文档偏宽：GP 未见,,
Q-TunerUtilitiesGetConsumeMouseWheel,QUERY,TunerUtilities,GetConsumeMouseWheel,,Colon (Instance),Both,moduleObjects,colon,__SC.C_TunerUtilities.GetConsumeMouseWheel,,ERR,否,,,该上下文既无同名模块/全局，也无实例通道,function,是,,,经 global-as-instance 检出,,仅UI,文档偏宽：GP 未见,,
Q-TunerUtilitiesGetParentID,QUERY,TunerUtilities,GetParentID,,Colon (Instance),Both,moduleObjects,colon,__SC.C_TunerUtilities.GetParentID,,ERR,否,,,该上下文既无同名模块/全局，也无实例通道,function,是,,,经 global-as-instance 检出,,仅UI,文档偏宽：GP 未见,,
Q-TunerUtilitiesGetParentType,QUERY,TunerUtilities,GetParentType,,Colon (Instance),Both,moduleObjects,colon,__SC.C_TunerUtilities.GetParentType,,ERR,否,,,该上下文既无同名模块/全局，也无实例通道,function,是,,,经 global-as-instance 检出,,仅UI,文档偏宽：GP 未见,,
Q-TunerUtilitiesGetParentContext,QUERY,TunerUtilities,GetParentContext,,Colon (Instance),Both,moduleObjects,colon,__SC.C_TunerUtilities.GetParentContext,,ERR,否,,,该上下文既无同名模块/全局，也无实例通道,function,是,,,经 global-as-instance 检出,,仅UI,文档偏宽：GP 未见,,
Q-TunerUtilitiesGetTexture,QUERY,TunerUtilities,GetTexture,,Colon (Instance),Both,moduleObjects,colon,__SC.C_TunerUtilities.GetTexture,,ERR,否,,,该上下文既无同名模块/全局，也无实例通道,function,是,,,经 global-as-instance 检出,,仅UI,文档偏宽：GP 未见,,
Q-TunerUtilitiesSetTexture,QUERY,TunerUtilities,SetTexture,,Colon (Instance),Both,moduleObjects,colon,__SC.C_TunerUtilities.SetTexture,,ERR,否,,,该上下文既无同名模块/全局，也无实例通道,function,是,,,经 global-as-instance 检出,,仅UI,文档偏宽：GP 未见,,
Q-TunerUtilitiesPlayAnimation,QUERY,TunerUtilities,PlayAnimation,,Colon (Instance),Both,moduleObjects,colon,__SC.C_TunerUtilities.PlayAnimation,,ERR,否,,,该上下文既无同名模块/全局，也无实例通道,function,是,,,经 global-as-instance 检出,,仅UI,文档偏宽：GP 未见,,
Q-TunerUtilitiesReverseAnimation,QUERY,TunerUtilities,ReverseAnimation,,Colon (Instance),Both,moduleObjects,colon,__SC.C_TunerUtilities.ReverseAnimation,,ERR,否,,,该上下文既无同名模块/全局，也无实例通道,function,是,,,经 global-as-instance 检出,,仅UI,文档偏宽：GP 未见,,
Q-TunerUtilitiesResetAnimation,QUERY,TunerUtilities,ResetAnimation,,Colon (Instance),Both,moduleObjects,colon,__SC.C_TunerUtilities.ResetAnimation,,ERR,否,,,该上下文既无同名模块/全局，也无实例通道,function,是,,,经 global-as-instance 检出,,仅UI,文档偏宽：GP 未见,,
Q-TunerUtilitiesOnInputHandler,QUERY,TunerUtilities,OnInputHandler,,Dot (Global),Both,moduleObjects,dot,TunerUtilities.OnInputHandler,,ERR,否,,,命名空间 TunerUtilities 在该上下文不存在,function,是,,,,,仅UI,文档偏宽：GP 未见,,
C-ToolTipHelper,CONTEXT,ToolTipHelper,,,Dot (Global),Both,moduleObjects,namespace,ToolTipHelper,,nil,否,,,命名空间在该上下文不存在,table,是,,,命名空间存在,,仅UI,文档偏宽：GP 未见,,
Q-ToolTipHelperGetAdjacencyBonuses,QUERY,ToolTipHelper,GetAdjacencyBonuses,,Dot (Global),Both,moduleObjects,dot,ToolTipHelper.GetAdjacencyBonuses,,ERR,否,,,命名空间 ToolTipHelper 在该上下文不存在,function,是,,,,,仅UI,文档偏宽：GP 未见,,
Q-ToolTipHelperGetBuildingToolTip,QUERY,ToolTipHelper,GetBuildingToolTip,,Dot (Global),Both,moduleObjects,dot,ToolTipHelper.GetBuildingToolTip,,ERR,否,,,命名空间 ToolTipHelper 在该上下文不存在,function,是,,,,,仅UI,文档偏宽：GP 未见,,
Q-ToolTipHelperGetCivicToolTip,QUERY,ToolTipHelper,GetCivicToolTip,,Dot (Global),Both,moduleObjects,dot,ToolTipHelper.GetCivicToolTip,,ERR,否,,,命名空间 ToolTipHelper 在该上下文不存在,function,是,,,,,仅UI,文档偏宽：GP 未见,,
Q-ToolTipHelperGetUnitToolTip,QUERY,ToolTipHelper,GetUnitToolTip,,Dot (Global),Both,moduleObjects,dot,ToolTipHelper.GetUnitToolTip,,ERR,否,,,命名空间 ToolTipHelper 在该上下文不存在,function,是,,,,,仅UI,文档偏宽：GP 未见,,
Q-ToolTipHelperGetDistrictToolTip,QUERY,ToolTipHelper,GetDistrictToolTip,,Dot (Global),Both,moduleObjects,dot,ToolTipHelper.GetDistrictToolTip,,ERR,否,,,命名空间 ToolTipHelper 在该上下文不存在,function,是,,,,,仅UI,文档偏宽：GP 未见,,
Q-ToolTipHelperGetProjectToolTip,QUERY,ToolTipHelper,GetProjectToolTip,,Dot (Global),Both,moduleObjects,dot,ToolTipHelper.GetProjectToolTip,,ERR,否,,,命名空间 ToolTipHelper 在该上下文不存在,function,是,,,,,仅UI,文档偏宽：GP 未见,,
Q-ToolTipHelperGetImprovementToolTip,QUERY,ToolTipHelper,GetImprovementToolTip,,Dot (Global),Both,moduleObjects,dot,ToolTipHelper.GetImprovementToolTip,,ERR,否,,,命名空间 ToolTipHelper 在该上下文不存在,function,是,,,,,仅UI,文档偏宽：GP 未见,,
Q-ToolTipHelperGetRouteToolTip,QUERY,ToolTipHelper,GetRouteToolTip,,Dot (Global),Both,moduleObjects,dot,ToolTipHelper.GetRouteToolTip,,ERR,否,,,命名空间 ToolTipHelper 在该上下文不存在,function,是,,,,,仅UI,文档偏宽：GP 未见,,
Q-ToolTipHelperGetPolicyToolTip,QUERY,ToolTipHelper,GetPolicyToolTip,,Dot (Global),Both,moduleObjects,dot,ToolTipHelper.GetPolicyToolTip,,ERR,否,,,命名空间 ToolTipHelper 在该上下文不存在,function,是,,,,,仅UI,文档偏宽：GP 未见,,
Q-ToolTipHelperGetGovernmentToolTip,QUERY,ToolTipHelper,GetGovernmentToolTip,,Dot (Global),Both,moduleObjects,dot,ToolTipHelper.GetGovernmentToolTip,,ERR,否,,,命名空间 ToolTipHelper 在该上下文不存在,function,是,,,,,仅UI,文档偏宽：GP 未见,,
Q-ToolTipHelperGetResourceToolTip,QUERY,ToolTipHelper,GetResourceToolTip,,Dot (Global),Both,moduleObjects,dot,ToolTipHelper.GetResourceToolTip,,ERR,否,,,命名空间 ToolTipHelper 在该上下文不存在,function,是,,,,,仅UI,文档偏宽：GP 未见,,
Q-ToolTipHelperGetDiplomaticActionToolTip,QUERY,ToolTipHelper,GetDiplomaticActionToolTip,,Dot (Global),Both,moduleObjects,dot,ToolTipHelper.GetDiplomaticActionToolTip,,ERR,否,,,命名空间 ToolTipHelper 在该上下文不存在,function,是,,,,,仅UI,文档偏宽：GP 未见,,
Q-ToolTipHelperGetTechnologyToolTip,QUERY,ToolTipHelper,GetTechnologyToolTip,,Dot (Global),Both,moduleObjects,dot,ToolTipHelper.GetTechnologyToolTip,,ERR,否,,,命名空间 ToolTipHelper 在该上下文不存在,function,是,,,,,仅UI,文档偏宽：GP 未见,,
Q-ToolTipHelperGetToolTip,QUERY,ToolTipHelper,GetToolTip,,Dot (Global),Both,moduleObjects,dot,ToolTipHelper.GetToolTip,,ERR,否,,,命名空间 ToolTipHelper 在该上下文不存在,function,是,,,,,仅UI,文档偏宽：GP 未见,,
C-g_ToolTipGenerators,CONTEXT,g_ToolTipGenerators,,,Dot (Global),Both,moduleObjects,namespace,g_ToolTipGenerators,,nil,否,,,命名空间在该上下文不存在,table,是,,,命名空间存在,,仅UI,文档偏宽：GP 未见,,
Q-g_ToolTipGeneratorsKIND_PROJECT,QUERY,g_ToolTipGenerators,KIND_PROJECT,,Dot (Global),Both,moduleObjects,dot,g_ToolTipGenerators.KIND_PROJECT,,ERR,否,,,命名空间 g_ToolTipGenerators 在该上下文不存在,function,是,,,,,仅UI,文档偏宽：GP 未见,,
Q-g_ToolTipGeneratorsKIND_BUILDING,QUERY,g_ToolTipGenerators,KIND_BUILDING,,Dot (Global),Both,moduleObjects,dot,g_ToolTipGenerators.KIND_BUILDING,,ERR,否,,,命名空间 g_ToolTipGenerators 在该上下文不存在,function,是,,,,,仅UI,文档偏宽：GP 未见,,
Q-g_ToolTipGeneratorsKIND_IMPROVEMENT,QUERY,g_ToolTipGenerators,KIND_IMPROVEMENT,,Dot (Global),Both,moduleObjects,dot,g_ToolTipGenerators.KIND_IMPROVEMENT,,ERR,否,,,命名空间 g_ToolTipGenerators 在该上下文不存在,function,是,,,,,仅UI,文档偏宽：GP 未见,,
Q-g_ToolTipGeneratorsKIND_TECH,QUERY,g_ToolTipGenerators,KIND_TECH,,Dot (Global),Both,moduleObjects,dot,g_ToolTipGenerators.KIND_TECH,,ERR,否,,,命名空间 g_ToolTipGenerators 在该上下文不存在,function,是,,,,,仅UI,文档偏宽：GP 未见,,
Q-g_ToolTipGeneratorsKIND_ROUTE,QUERY,g_ToolTipGenerators,KIND_ROUTE,,Dot (Global),Both,moduleObjects,dot,g_ToolTipGenerators.KIND_ROUTE,,ERR,否,,,命名空间 g_ToolTipGenerators 在该上下文不存在,function,是,,,,,仅UI,文档偏宽：GP 未见,,
Q-g_ToolTipGeneratorsKIND_DIPLOMATIC_ACTION,QUERY,g_ToolTipGenerators,KIND_DIPLOMATIC_ACTION,,Dot (Global),Both,moduleObjects,dot,g_ToolTipGenerators.KIND_DIPLOMATIC_ACTION,,ERR,否,,,命名空间 g_ToolTipGenerators 在该上下文不存在,function,是,,,,,仅UI,文档偏宽：GP 未见,,
Q-g_ToolTipGeneratorsKIND_RESOURCE,QUERY,g_ToolTipGenerators,KIND_RESOURCE,,Dot (Global),Both,moduleObjects,dot,g_ToolTipGenerators.KIND_RESOURCE,,ERR,否,,,命名空间 g_ToolTipGenerators 在该上下文不存在,function,是,,,,,仅UI,文档偏宽：GP 未见,,
Q-g_ToolTipGeneratorsKIND_GOVERNMENT,QUERY,g_ToolTipGenerators,KIND_GOVERNMENT,,Dot (Global),Both,moduleObjects,dot,g_ToolTipGenerators.KIND_GOVERNMENT,,ERR,否,,,命名空间 g_ToolTipGenerators 在该上下文不存在,function,是,,,,,仅UI,文档偏宽：GP 未见,,
Q-g_ToolTipGeneratorsKIND_POLICY,QUERY,g_ToolTipGenerators,KIND_POLICY,,Dot (Global),Both,moduleObjects,dot,g_ToolTipGenerators.KIND_POLICY,,ERR,否,,,命名空间 g_ToolTipGenerators 在该上下文不存在,function,是,,,,,仅UI,文档偏宽：GP 未见,,
Q-g_ToolTipGeneratorsKIND_DISTRICT,QUERY,g_ToolTipGenerators,KIND_DISTRICT,,Dot (Global),Both,moduleObjects,dot,g_ToolTipGenerators.KIND_DISTRICT,,ERR,否,,,命名空间 g_ToolTipGenerators 在该上下文不存在,function,是,,,,,仅UI,文档偏宽：GP 未见,,
Q-g_ToolTipGeneratorsKIND_CIVIC,QUERY,g_ToolTipGenerators,KIND_CIVIC,,Dot (Global),Both,moduleObjects,dot,g_ToolTipGenerators.KIND_CIVIC,,ERR,否,,,命名空间 g_ToolTipGenerators 在该上下文不存在,function,是,,,,,仅UI,文档偏宽：GP 未见,,
Q-g_ToolTipGeneratorsKIND_UNIT,QUERY,g_ToolTipGenerators,KIND_UNIT,,Dot (Global),Both,moduleObjects,dot,g_ToolTipGenerators.KIND_UNIT,,ERR,否,,,命名空间 g_ToolTipGenerators 在该上下文不存在,function,是,,,,,仅UI,文档偏宽：GP 未见,,
C-Tools,CONTEXT,Tools,,,Dot (Global),Both,moduleObjects,namespace,Tools,,nil,否,,,命名空间在该上下文不存在,nil,否,,,命名空间在该上下文不存在,,双端未见,文档偏宽：双端均未见,,
Q-ToolsLookUphash,QUERY,Tools,LookUphash,,Dot (Global),Both,moduleObjects,dot,Tools.LookUphash,,ERR,否,,,命名空间 Tools 在该上下文不存在,ERR,否,,,命名空间 Tools 在该上下文不存在,,双端未见,文档偏宽：双端均未见,"hash:::number, beGreedy:::boolean","{dbTable: string, primaryKey: string}[] matches:::table"
A-ToolsListHashRefs,ACTION,Tools,ListHashRefs,,Dot (Global),Both,moduleObjects,dot,Tools.ListHashRefs,,ERR,否,,,命名空间 Tools 在该上下文不存在,ERR,否,,,命名空间 Tools 在该上下文不存在,,双端未见,文档偏宽：双端均未见,hash:::number,
C-WorldBuilderResourceGenerator,CONTEXT,WorldBuilderResourceGenerator,,,Dot (Global),Both,moduleObjects,namespace,WorldBuilderResourceGenerator,,nil,否,,,命名空间在该上下文不存在,nil,否,,,命名空间在该上下文不存在,,双端未见,文档偏宽：双端均未见,,
A-WorldBuilderResourceGeneratorCreate,ACTION,WorldBuilderResourceGenerator,Create,,Dot (Global),Both,moduleObjects,dot,WorldBuilderResourceGenerator.Create,,ERR,否,,,命名空间 WorldBuilderResourceGenerator 在该上下文不存在,ERR,否,,,命名空间 WorldBuilderResourceGenerator 在该上下文不存在,,双端未见,文档偏宽：双端均未见,,
C-FeatureGenerator,CONTEXT,FeatureGenerator,,,Dot (Global),Both,moduleObjects,namespace,FeatureGenerator,,nil,否,,,命名空间在该上下文不存在,table,是,,,命名空间存在,,仅UI,文档偏宽：GP 未见,,
A-FeatureGeneratorCreate,ACTION,FeatureGenerator,Create,,Dot (Global),Both,moduleObjects,dot,FeatureGenerator.Create,,ERR,否,,,命名空间 FeatureGenerator 在该上下文不存在,function,是,,,,,仅UI,文档偏宽：GP 未见,,
A-FeatureGeneratorAddFeatures,ACTION,FeatureGenerator,AddFeatures,,Colon (Instance),Both,moduleObjects,colon,__SC.C_FeatureGenerator.AddFeatures,,ERR,否,,,该上下文既无同名模块/全局，也无实例通道,function,是,,,经 global-as-instance 检出,,仅UI,文档偏宽：GP 未见,,
A-FeatureGeneratorAddJunglesAtPlot,ACTION,FeatureGenerator,AddJunglesAtPlot,,Colon (Instance),Both,moduleObjects,colon,__SC.C_FeatureGenerator.AddJunglesAtPlot,,ERR,否,,,该上下文既无同名模块/全局，也无实例通道,function,是,,,经 global-as-instance 检出,,仅UI,文档偏宽：GP 未见,,
A-FeatureGeneratorAddMarshAtPlot,ACTION,FeatureGenerator,AddMarshAtPlot,,Colon (Instance),Both,moduleObjects,colon,__SC.C_FeatureGenerator.AddMarshAtPlot,,ERR,否,,,该上下文既无同名模块/全局，也无实例通道,function,是,,,经 global-as-instance 检出,,仅UI,文档偏宽：GP 未见,,
Q-FeatureGeneratorGetNumberAdjacentVolcanoes,QUERY,FeatureGenerator,GetNumberAdjacentVolcanoes,,Colon (Instance),Both,moduleObjects,colon,__SC.C_FeatureGenerator.GetNumberAdjacentVolcanoes,,ERR,否,,,该上下文既无同名模块/全局，也无实例通道,function,是,,,经 global-as-instance 检出,,仅UI,文档偏宽：GP 未见,,
A-FeatureGeneratorAddReefAtPlot,ACTION,FeatureGenerator,AddReefAtPlot,,Colon (Instance),Both,moduleObjects,colon,__SC.C_FeatureGenerator.AddReefAtPlot,,ERR,否,,,该上下文既无同名模块/全局，也无实例通道,function,是,,,经 global-as-instance 检出,,仅UI,文档偏宽：GP 未见,,
A-FeatureGeneratorAddForestsAtPlot,ACTION,FeatureGenerator,AddForestsAtPlot,,Colon (Instance),Both,moduleObjects,colon,__SC.C_FeatureGenerator.AddForestsAtPlot,,ERR,否,,,该上下文既无同名模块/全局，也无实例通道,function,是,,,经 global-as-instance 检出,,仅UI,文档偏宽：GP 未见,,
A-FeatureGeneratorAddFeaturesFromContinents,ACTION,FeatureGenerator,AddFeaturesFromContinents,,Colon (Instance),Both,moduleObjects,colon,__SC.C_FeatureGenerator.AddFeaturesFromContinents,,ERR,否,,,该上下文既无同名模块/全局，也无实例通道,function,是,,,经 global-as-instance 检出,,仅UI,文档偏宽：GP 未见,,
A-FeatureGeneratorAddIceToMap,ACTION,FeatureGenerator,AddIceToMap,,Colon (Instance),Both,moduleObjects,colon,__SC.C_FeatureGenerator.AddIceToMap,,ERR,否,,,该上下文既无同名模块/全局，也无实例通道,function,是,,,经 global-as-instance 检出,,仅UI,文档偏宽：GP 未见,,
C-NaturalWonderGenerator,CONTEXT,NaturalWonderGenerator,,,Dot (Global),Both,moduleObjects,namespace,NaturalWonderGenerator,,nil,否,,,命名空间在该上下文不存在,table,是,,,命名空间存在,,仅UI,文档偏宽：GP 未见,,
A-NaturalWonderGeneratorCreate,ACTION,NaturalWonderGenerator,Create,,Dot (Global),Both,moduleObjects,dot,NaturalWonderGenerator.Create,,ERR,否,,,命名空间 NaturalWonderGenerator 在该上下文不存在,function,是,,,,,仅UI,文档偏宽：GP 未见,,
A-NaturalWonderGenerator__InitNWData,ACTION,NaturalWonderGenerator,__InitNWData,,Colon (Instance),Both,moduleObjects,colon,__SC.C_NaturalWonderGenerator.__InitNWData,,ERR,否,,,该上下文既无同名模块/全局，也无实例通道,function,是,,,经 global-as-instance 检出,,仅UI,文档偏宽：GP 未见,,
A-NaturalWonderGenerator__ScorePlots,ACTION,NaturalWonderGenerator,__ScorePlots,,Colon (Instance),Both,moduleObjects,colon,__SC.C_NaturalWonderGenerator.__ScorePlots,,ERR,否,,,该上下文既无同名模块/全局，也无实例通道,function,是,,,经 global-as-instance 检出,,仅UI,文档偏宽：GP 未见,,
A-NaturalWonderGenerator__PlaceWonders,ACTION,NaturalWonderGenerator,__PlaceWonders,,Colon (Instance),Both,moduleObjects,colon,__SC.C_NaturalWonderGenerator.__PlaceWonders,,ERR,否,,,该上下文既无同名模块/全局，也无实例通道,function,是,,,经 global-as-instance 检出,,仅UI,文档偏宽：GP 未见,,
Q-NaturalWonderGenerator__FindValidLocs,QUERY,NaturalWonderGenerator,__FindValidLocs,,Colon (Instance),Both,moduleObjects,colon,__SC.C_NaturalWonderGenerator.__FindValidLocs,,ERR,否,,,该上下文既无同名模块/全局，也无实例通道,function,是,,,经 global-as-instance 检出,,仅UI,文档偏宽：GP 未见,,
C-json,CONTEXT,json,,,Dot (Global),Both,moduleObjects,namespace,json,,nil,否,,,命名空间在该上下文不存在,nil,否,,,命名空间在该上下文不存在,,双端未见,文档偏宽：双端均未见,,
Q-jsonparse,QUERY,json,parse,,Dot (Global),Both,moduleObjects,dot,json.parse,,ERR,否,,,命名空间 json 在该上下文不存在,ERR,否,,,命名空间 json 在该上下文不存在,,双端未见,文档偏宽：双端均未见,"json:::string, position:::number, end_delim:::string",
Q-jsonstringify,QUERY,json,stringify,,Dot (Global),Both,moduleObjects,dot,json.stringify,,ERR,否,,,命名空间 json 在该上下文不存在,ERR,否,,,命名空间 json 在该上下文不存在,,双端未见,文档偏宽：双端均未见,"obj:::table, as_key:::boolean",
Q-GameInfoCommemorationBonuses,QUERY,CommemorationBonuses,,,Dot (Global),Both,objects,gameinfo,GameInfo.CommemorationBonuses,,nil,否,,,GameInfo 子表不存在,nil,否,,,GameInfo 子表不存在,,双端未见,文档偏宽：双端均未见,,
Q-GameInfoDiplomacyActions,QUERY,DiplomacyActions,,,Dot (Global),Both,objects,gameinfo,GameInfo.DiplomacyActions,,nil,否,,,GameInfo 子表不存在,nil,否,,,GameInfo 子表不存在,,双端未见,文档偏宽：双端均未见,,
Q-GameInfoDistrictBuildings,QUERY,DistrictBuildings,,,Dot (Global),Both,objects,gameinfo,GameInfo.DistrictBuildings,,nil,否,,,GameInfo 子表不存在,nil,否,,,GameInfo 子表不存在,,双端未见,文档偏宽：双端均未见,,
Q-GameInfoGreatWork_RelicData,QUERY,GreatWork_RelicData,,,Dot (Global),Both,objects,gameinfo,GameInfo.GreatWork_RelicData,,nil,否,,,GameInfo 子表不存在,nil,否,,,GameInfo 子表不存在,,双端未见,文档偏宽：双端均未见,,
Q-GameInfoIcons,QUERY,Icons,,,Dot (Global),Both,objects,gameinfo,GameInfo.Icons,,nil,否,,,GameInfo 子表不存在,nil,否,,,GameInfo 子表不存在,,双端未见,文档偏宽：双端均未见,,
Q-GameInfoMap_GreatPersonPoints,QUERY,Map_GreatPersonPoints,,,Dot (Global),Both,objects,gameinfo,GameInfo.Map_GreatPersonPoints,,nil,否,,,GameInfo 子表不存在,nil,否,,,GameInfo 子表不存在,,双端未见,文档偏宽：双端均未见,,
Q-GameInfoMap_TradeRoutes,QUERY,Map_TradeRoutes,,,Dot (Global),Both,objects,gameinfo,GameInfo.Map_TradeRoutes,,nil,否,,,GameInfo 子表不存在,nil,否,,,GameInfo 子表不存在,,双端未见,文档偏宽：双端均未见,,
Q-GameInfoDualHeroes,QUERY,DualHeroes,,,Dot (Global),Both,objects,gameinfo,GameInfo.DualHeroes,,nil,否,,,GameInfo 子表不存在,nil,否,,,GameInfo 子表不存在,,双端未见,文档偏宽：双端均未见,,
Q-GameInfoGoodyHutTypes,QUERY,GoodyHutTypes,,,Dot (Global),Both,objects,gameinfo,GameInfo.GoodyHutTypes,,nil,否,,,GameInfo 子表不存在,nil,否,,,GameInfo 子表不存在,,双端未见,文档偏宽：双端均未见,,
Q-GameInfoHeroDefinitions,QUERY,HeroDefinitions,,,Dot (Global),Both,objects,gameinfo,GameInfo.HeroDefinitions,,nil,否,,,GameInfo 子表不存在,nil,否,,,GameInfo 子表不存在,,双端未见,文档偏宽：双端均未见,,
Q-GameInfoHeroAbilities,QUERY,HeroAbilities,,,Dot (Global),Both,objects,gameinfo,GameInfo.HeroAbilities,,nil,否,,,GameInfo 子表不存在,nil,否,,,GameInfo 子表不存在,,双端未见,文档偏宽：双端均未见,,
Q-GameInfoHeroActions,QUERY,HeroActions,,,Dot (Global),Both,objects,gameinfo,GameInfo.HeroActions,,nil,否,,,GameInfo 子表不存在,nil,否,,,GameInfo 子表不存在,,双端未见,文档偏宽：双端均未见,,
Q-GameInfoHero_Attributes,QUERY,Hero_Attributes,,,Dot (Global),Both,objects,gameinfo,GameInfo.Hero_Attributes,,nil,否,,,GameInfo 子表不存在,nil,否,,,GameInfo 子表不存在,,双端未见,文档偏宽：双端均未见,,
Q-GameInfoHero_AccumulatedXp,QUERY,Hero_AccumulatedXp,,,Dot (Global),Both,objects,gameinfo,GameInfo.Hero_AccumulatedXp,,nil,否,,,GameInfo 子表不存在,nil,否,,,GameInfo 子表不存在,,双端未见,文档偏宽：双端均未见,,
Q-GameInfoHero_XpNeeded,QUERY,Hero_XpNeeded,,,Dot (Global),Both,objects,gameinfo,GameInfo.Hero_XpNeeded,,nil,否,,,GameInfo 子表不存在,nil,否,,,GameInfo 子表不存在,,双端未见,文档偏宽：双端均未见,,
Q-GameInfoIcons_FontIcons,QUERY,Icons_FontIcons,,,Dot (Global),Both,objects,gameinfo,GameInfo.Icons_FontIcons,,nil,否,,,GameInfo 子表不存在,nil,否,,,GameInfo 子表不存在,,双端未见,文档偏宽：双端均未见,,
Q-GameInfoIconDefinitions,QUERY,IconDefinitions,,,Dot (Global),Both,objects,gameinfo,GameInfo.IconDefinitions,,nil,否,,,GameInfo 子表不存在,nil,否,,,GameInfo 子表不存在,,双端未见,文档偏宽：双端均未见,,
Q-GameInfoNaturalWonderAdjacencies,QUERY,NaturalWonderAdjacencies,,,Dot (Global),Both,objects,gameinfo,GameInfo.NaturalWonderAdjacencies,,nil,否,,,GameInfo 子表不存在,nil,否,,,GameInfo 子表不存在,,双端未见,文档偏宽：双端均未见,,
Q-GameInfoNaturalWonderTypeAdjacencies,QUERY,NaturalWonderTypeAdjacencies,,,Dot (Global),Both,objects,gameinfo,GameInfo.NaturalWonderTypeAdjacencies,,nil,否,,,GameInfo 子表不存在,nil,否,,,GameInfo 子表不存在,,双端未见,文档偏宽：双端均未见,,
Q-GameInfoVotedEffects,QUERY,VotedEffects,,,Dot (Global),Both,objects,gameinfo,GameInfo.VotedEffects,,nil,否,,,GameInfo 子表不存在,nil,否,,,GameInfo 子表不存在,,双端未见,文档偏宽：双端均未见,,
Q-GameGetLocalTeam,QUERY,Game,GetLocalTeam,,Dot (Global),Both,objects,dot,Game.GetLocalTeam,,nil,否,,,命名空间存在但无此成员,nil,否,,,命名空间存在但无此成员,,双端未见,文档偏宽：双端均未见,,
Q-GameIsTechRecommended,QUERY,Game,IsTechRecommended,,Dot (Global),UI,objects,dot,Game.IsTechRecommended,,nil,否,,,命名空间存在但无此成员,nil,否,,,命名空间存在但无此成员,,双端未见,文档存疑：UI 未见,"techType:number, advisor:string",
Q-LocaleConvertTextKey,QUERY,Locale,ConvertTextKey,,Dot (Global),Both,objects,dot,Locale.ConvertTextKey,,nil,否,,,命名空间存在但无此成员,nil,否,,,命名空间存在但无此成员,,双端未见,文档偏宽：双端均未见,textKey:string,
EV-EventsBegin2KLoginProcess,ACTION,Events,Begin2KLoginProcess,,Dot (Global),UI,objects,dot,Events.Begin2KLoginProcess,,table,是,,,,table,是,,,,,双端,文档偏窄：GP 亦可见,,
EV-EventsBeginFullGamePurchase,ACTION,Events,BeginFullGamePurchase,,Dot (Global),UI,objects,dot,Events.BeginFullGamePurchase,,nil,否,,,命名空间存在但无此成员,nil,否,,,命名空间存在但无此成员,,双端未见,文档存疑：UI 未见,,
EV-EventsDisableColorKey,ACTION,Events,DisableColorKey,,Dot (Global),UI,objects,dot,Events.DisableColorKey,,table,是,,,,table,是,,,,,双端,文档偏窄：GP 亦可见,fadeTime:number,
EV-EventsEnableColorKey,ACTION,Events,EnableColorKey,,Dot (Global),UI,objects,dot,Events.EnableColorKey,,table,是,,,,table,是,,,,,双端,文档偏窄：GP 亦可见,"colorkey:string, duration:number, fadeTime:number",
EV-EventsHideLeaderScreen,ACTION,Events,HideLeaderScreen,,Dot (Global),UI,objects,dot,Events.HideLeaderScreen,,table,是,,,,table,是,,,,,双端,文档偏窄：GP 亦可见,,
EV-EventsRestartWonderMovie,ACTION,Events,RestartWonderMovie,,Dot (Global),UI,objects,dot,Events.RestartWonderMovie,,table,是,,,,table,是,,,,,双端,文档偏窄：GP 亦可见,,
EV-EventsSetGameEntryMethod,ACTION,Events,SetGameEntryMethod,,Dot (Global),UI,objects,dot,Events.SetGameEntryMethod,,table,是,,,,table,是,,,,,双端,文档偏窄：GP 亦可见,method:string,
EV-EventsShowLeaderScreen,ACTION,Events,ShowLeaderScreen,,Dot (Global),UI,objects,dot,Events.ShowLeaderScreen,,table,是,,,,table,是,,,,,双端,文档偏窄：GP 亦可见,"leaderName:string, isLocal:boolean",
EV-EventsSystemUpdateUI,ACTION,Events,SystemUpdateUI,,Dot (Global),UI,objects,dot,Events.SystemUpdateUI,,table,是,,,,table,是,,,,,双端,文档偏窄：GP 亦可见,"mode:SystemUpdateUI, context:string",
EV-EventsUserAcceptsEULA,ACTION,Events,UserAcceptsEULA,,Dot (Global),UI,objects,dot,Events.UserAcceptsEULA,,table,是,,,,table,是,,,,,双端,文档偏窄：GP 亦可见,,
EV-EventsUserAcceptsOutdatedDriver,ACTION,Events,UserAcceptsOutdatedDriver,,Dot (Global),UI,objects,dot,Events.UserAcceptsOutdatedDriver,,table,是,,,,table,是,,,,,双端,文档偏窄：GP 亦可见,,
EV-EventsUserAcceptsUnknownDevice,ACTION,Events,UserAcceptsUnknownDevice,,Dot (Global),UI,objects,dot,Events.UserAcceptsUnknownDevice,,table,是,,,,table,是,,,,,双端,文档偏窄：GP 亦可见,,
EV-EventsUserConfirmedClose,ACTION,Events,UserConfirmedClose,,Dot (Global),UI,objects,dot,Events.UserConfirmedClose,,table,是,,,,table,是,,,,,双端,文档偏窄：GP 亦可见,,
EV-EventsWorldBuilderSignal,ACTION,Events,WorldBuilderSignal,,Dot (Global),UI,objects,dot,Events.WorldBuilderSignal,,table,是,,,,table,是,,,,,双端,文档偏窄：GP 亦可见,signal:WorldBuilderSignals,
EV-EventsLeaderPopup,ACTION,Events,LeaderPopup,,Dot (Global),UI,objects,dot,Events.LeaderPopup,,nil,否,,,命名空间存在但无此成员,nil,否,,,命名空间存在但无此成员,,双端未见,文档存疑：UI 未见,"playerID:number, leaderType:string, isTutorial:boolean",
EV-EventsMultiplayerConnectionFailed,ACTION,Events,MultiplayerConnectionFailed,,Dot (Global),UI,objects,dot,Events.MultiplayerConnectionFailed,,nil,否,,,命名空间存在但无此成员,nil,否,,,命名空间存在但无此成员,,双端未见,文档存疑：UI 未见,,
EV-EventsMultiplayerNetRegistered,ACTION,Events,MultiplayerNetRegistered,,Dot (Global),UI,objects,dot,Events.MultiplayerNetRegistered,,nil,否,,,命名空间存在但无此成员,nil,否,,,命名空间存在但无此成员,,双端未见,文档存疑：UI 未见,,
EV-EventsPlayerVersionMismatchEvent,ACTION,Events,PlayerVersionMismatchEvent,,Dot (Global),UI,objects,dot,Events.PlayerVersionMismatchEvent,,nil,否,,,命名空间存在但无此成员,nil,否,,,命名空间存在但无此成员,,双端未见,文档存疑：UI 未见,,
