库表,GP,UI
Adjacency_YieldChanges,userdata,userdata
Adjacent_AppealYieldChanges,userdata,userdata
AgendaPreferredLeaders,userdata,userdata
AgendaTags,userdata,userdata
AgendaTraits,userdata,userdata
Agendas,userdata,userdata
AiBuildSpecializations,userdata,userdata
AiEvents,userdata,userdata
AiFavoredItems,userdata,userdata
AiListTypes,userdata,userdata
AiLists,userdata,userdata
AiOperationDefs,userdata,userdata
AiOperationLimits,userdata,userdata
AiOperationLists,userdata,userdata
AiOperationTeams,userdata,userdata
AiOperationTypes,userdata,userdata
AiScoutUses,userdata,userdata
AiTeams,userdata,userdata
AllianceEffects,userdata,userdata
Alliances,userdata,userdata
AllowedMoves,userdata,userdata
AllowedOperations,userdata,userdata
AppealHousingChanges,userdata,userdata
BarbarianAttackForces,userdata,userdata
BarbarianTribeForces,userdata,userdata
BarbarianTribeNames,userdata,userdata
BarbarianTribe_ExtraUnits,userdata,userdata
BarbarianTribe_MapConditionSets,userdata,userdata
BarbarianTribe_MapConditions,userdata,userdata
BarbarianTribe_UnitConditions,userdata,userdata
BarbarianTribes,userdata,userdata
BehaviorTreeNodes,userdata,userdata
BehaviorTrees,userdata,userdata
BeliefClasses,userdata,userdata
BeliefModifiers,userdata,userdata
Beliefs,userdata,userdata
BonusMinorStartingUnits,userdata,userdata
BoostHandlers,userdata,userdata
BoostNames,userdata,userdata
Boosts,userdata,userdata
BuildingConditions,userdata,userdata
BuildingModifiers,userdata,userdata
BuildingPrereqs,userdata,userdata
BuildingReplaces,userdata,userdata
Building_BuildChargeProductions,userdata,userdata
Building_CitizenYieldChanges,userdata,userdata
Building_GreatPersonPoints,userdata,userdata
Building_GreatWorks,userdata,userdata
Building_RequiredFeatures,userdata,userdata
Building_ResourceCosts,userdata,userdata
Building_TourismBombs_XP2,userdata,userdata
Building_ValidFeatures,userdata,userdata
Building_ValidTerrains,userdata,userdata
Building_YieldChanges,userdata,userdata
Building_YieldChangesBonusWithPower,userdata,userdata
Building_YieldDistrictCopies,userdata,userdata
Building_YieldsPerEra,userdata,userdata
Buildings,userdata,userdata
Buildings_XP2,userdata,userdata
Calendars,userdata,userdata
CityEvents,userdata,userdata
CityNames,userdata,userdata
CivicModifiers,userdata,userdata
CivicPrereqs,userdata,userdata
CivicQuotes,userdata,userdata
CivicRandomCosts,userdata,userdata
Civics,userdata,userdata
Civics_XP2,userdata,userdata
CivilizationAudioTags,userdata,userdata
CivilizationCitizenNames,userdata,userdata
CivilizationInfo,userdata,userdata
CivilizationLeaders,userdata,userdata
CivilizationLevels,userdata,userdata
CivilizationTraits,userdata,userdata
Civilizations,userdata,userdata
CivilopediaPageChapterHeaders,userdata,userdata
CivilopediaPageChapterParagraphs,userdata,userdata
CivilopediaPageExcludes,userdata,userdata
CivilopediaPageGroupExcludes,userdata,userdata
CivilopediaPageGroupQueries,userdata,userdata
CivilopediaPageGroups,userdata,userdata
CivilopediaPageLayoutChapters,userdata,userdata
CivilopediaPageLayouts,userdata,userdata
CivilopediaPageQueries,userdata,userdata
CivilopediaPageSearchTermQueries,userdata,userdata
CivilopediaPageSearchTerms,userdata,userdata
CivilopediaPages,userdata,userdata
CivilopediaSectionExcludes,userdata,userdata
CivilopediaSections,userdata,userdata
CivilopediaTranslateCharacters,userdata,userdata
CoastalLowlands,userdata,userdata
Colors,userdata,userdata
CommemorationModifiers,userdata,userdata
CommemorationTypes,userdata,userdata
ComplimentModifiers,userdata,userdata
CongressAiChanges,userdata,userdata
Continents,userdata,userdata
CorporationNames,userdata,userdata
DataTypes,userdata,userdata
DealItems,userdata,userdata
Defeats,userdata,userdata
DeforestationEffects,userdata,userdata
DeforestationLevels,userdata,userdata
Difficulties,userdata,userdata
DiplomacyInfo,userdata,userdata
DiplomacyMoodTypes,userdata,userdata
DiplomacySelections,userdata,userdata
DiplomacyStatementSubTypes,userdata,userdata
DiplomacyStatementTypes,userdata,userdata
DiplomacyStatements,userdata,userdata
DiplomaticActions,userdata,userdata
DiplomaticActions_XP1,userdata,userdata
DiplomaticActions_XP2,userdata,userdata
DiplomaticStartStates,userdata,userdata
DiplomaticStateActions,userdata,userdata
DiplomaticStateTransitions,userdata,userdata
DiplomaticStates,userdata,userdata
DiplomaticTriggeredTransitions,userdata,userdata
DiplomaticTriggers,userdata,userdata
DiplomaticTriggers_RequiredStates,userdata,userdata
DiplomaticVisibilitySources,userdata,userdata
DiplomaticVisibilitySources_XP1,userdata,userdata
Discussions,userdata,userdata
DistrictModifiers,userdata,userdata
DistrictReplaces,userdata,userdata
District_Adjacencies,userdata,userdata
District_BuildChargeProductions,userdata,userdata
District_CitizenGreatPersonPoints,userdata,userdata
District_CitizenYieldChanges,userdata,userdata
District_GreatPersonPoints,userdata,userdata
District_RequiredFeatures,userdata,userdata
District_TradeRouteYields,userdata,userdata
District_ValidTerrains,userdata,userdata
Districts,userdata,userdata
Districts_XP2,userdata,userdata
DuplicateCivilizations,userdata,userdata
DuplicateLeaders,userdata,userdata
DynamicModifiers,userdata,userdata
Emergencies_XP2,userdata,userdata
EmergencyAlliances,userdata,userdata
EmergencyBuffs,userdata,userdata
EmergencyGoalTexts,userdata,userdata
EmergencyRewards,userdata,userdata
EmergencyScoreSources,userdata,userdata
EmergencyTexts,userdata,userdata
Eras,userdata,userdata
Eras_XP1,userdata,userdata
Eras_XP2,userdata,userdata
EventPopupData,userdata,userdata
ExcludedAdjacencies,userdata,userdata
ExcludedDistricts,userdata,userdata
ExcludedGreatPersonClasses,userdata,userdata
ExclusiveAgendas,userdata,userdata
FavoredReligions,userdata,userdata
Feature_AdjacentFeatures,userdata,userdata
Feature_AdjacentTerrains,userdata,userdata
Feature_AdjacentYields,userdata,userdata
Feature_Floodplains,userdata,userdata
Feature_NotAdjacentTerrains,userdata,userdata
Feature_NotNearFeatures,userdata,userdata
Feature_Removes,userdata,userdata
Feature_UnitMovements,userdata,userdata
Feature_ValidTerrains,userdata,userdata
Feature_YieldChanges,userdata,userdata
Features,userdata,userdata
Features_XP2,userdata,userdata
Flavors,userdata,userdata
GameCapabilities,userdata,userdata
GameCapabilityDependencies,userdata,userdata
GameEffectArguments,userdata,userdata
GameModifiers,userdata,userdata
GameSpeed_Durations,userdata,userdata
GameSpeed_Scalings,userdata,userdata
GameSpeed_Turns,userdata,userdata
GameSpeeds,userdata,userdata
GlobalParameters,userdata,userdata
GoodyHutSubTypes,userdata,userdata
GoodyHutSubTypes_XP2,userdata,userdata
GoodyHuts,userdata,userdata
Gossips,userdata,userdata
GovernmentBonusNames,userdata,userdata
GovernmentModifiers,userdata,userdata
GovernmentSlots,userdata,userdata
GovernmentTiers,userdata,userdata
Government_SlotCounts,userdata,userdata
Governments,userdata,userdata
Governments_XP2,userdata,userdata
GovernorModifiers,userdata,userdata
GovernorPromotionConditions,userdata,userdata
GovernorPromotionModifiers,userdata,userdata
GovernorPromotionPrereqs,userdata,userdata
GovernorPromotionSets,userdata,userdata
GovernorPromotions,userdata,userdata
GovernorReplaces,userdata,userdata
Governors,userdata,userdata
GovernorsCannotAssign,userdata,userdata
Governors_XP2,userdata,userdata
GreatPersonClasses,userdata,userdata
GreatPersonIndividualActionModifiers,userdata,userdata
GreatPersonIndividualBirthModifiers,userdata,userdata
GreatPersonIndividualIconModifiers,userdata,userdata
GreatPersonIndividuals,userdata,userdata
GreatWorkModifiers,userdata,userdata
GreatWorkObjectTypes,userdata,userdata
GreatWorkSlotTypes,userdata,userdata
GreatWork_ValidSubTypes,userdata,userdata
GreatWork_YieldChanges,userdata,userdata
GreatWorks,userdata,userdata
GreatWorks_ImprovementType,userdata,userdata
GreatWorks_MODE,userdata,userdata
Happinesses,userdata,userdata
Happinesses_XP1,userdata,userdata
HeroClassProgressions,userdata,userdata
HeroClassUnitCommands,userdata,userdata
HeroClasses,userdata,userdata
HistoricRankings,userdata,userdata
HistoricalAgendas,userdata,userdata
ImprovementModifiers,userdata,userdata
Improvement_Adjacencies,userdata,userdata
Improvement_BonusYieldChanges,userdata,userdata
Improvement_InvalidAdjacentFeatures,userdata,userdata
Improvement_Tourism,userdata,userdata
Improvement_ValidAdjacentResources,userdata,userdata
Improvement_ValidAdjacentTerrains,userdata,userdata
Improvement_ValidBuildUnits,userdata,userdata
Improvement_ValidFeatures,userdata,userdata
Improvement_ValidResources,userdata,userdata
Improvement_ValidTerrains,userdata,userdata
Improvement_YieldChanges,userdata,userdata
Improvement_YieldsOutsideTerritories,userdata,userdata
Improvements,userdata,userdata
Improvements_MODE,userdata,userdata
Improvements_XP2,userdata,userdata
InterfaceModes,userdata,userdata
Kinds,userdata,userdata
LeaderAnimations,userdata,userdata
LeaderInfo,userdata,userdata
LeaderQuotes,userdata,userdata
LeaderTraits,userdata,userdata
Leaders,userdata,userdata
Leaders_XP2,userdata,userdata
LoadingInfo,userdata,userdata
LoyaltyLevels,userdata,userdata
MajorStartingUnits,userdata,userdata
MapRainfalls,userdata,userdata
MapResourceDistributions,userdata,userdata
MapSeaLevels,userdata,userdata
MapStartPositions,userdata,userdata
MapTemperatures,userdata,userdata
MapWorldAges,userdata,userdata
Map_GreatPersonClasses,userdata,userdata
Maps,userdata,userdata
Maps_XP2,userdata,userdata
MinorCivBonuses,userdata,userdata
ModifierArguments,userdata,userdata
ModifierStrings,userdata,userdata
Modifiers,userdata,userdata
MomentDataTypes,userdata,userdata
MomentIllustrationTypes,userdata,userdata
MomentIllustrations,userdata,userdata
Moments,userdata,userdata
Months,userdata,userdata
MutuallyExclusiveBuildings,userdata,userdata
MutuallyExclusiveDistricts,userdata,userdata
NamedDesertCivilizations,userdata,userdata
NamedDeserts,userdata,userdata
NamedLakeCivilizations,userdata,userdata
NamedLakes,userdata,userdata
NamedMountainCivilizations,userdata,userdata
NamedMountains,userdata,userdata
NamedOceanCivilizations,userdata,userdata
NamedOceans,userdata,userdata
NamedRiverCivilizations,userdata,userdata
NamedRivers,userdata,userdata
NamedSeaCivilizations,userdata,userdata
NamedSeas,userdata,userdata
NamedVolcanoCivilizations,userdata,userdata
NamedVolcanoes,userdata,userdata
NavigationProperties,nil,nil
NodeDataDefinitions,userdata,userdata
NodeDefinitions,userdata,userdata
Notifications,userdata,userdata
ObsoletePolicies,userdata,userdata
OpTeamRequirements,userdata,userdata
PlayerColors,userdata,userdata
PlotEvalConditions,userdata,userdata
Policies,userdata,userdata
Policies_XP1,userdata,userdata
PolicyModifiers,userdata,userdata
Policy_GovernmentExclusives_XP2,userdata,userdata
PrevailingWinds,userdata,userdata
ProjectCompletionModifiers,userdata,userdata
ProjectPrereqs,userdata,userdata
Project_BuildingCosts,userdata,userdata
Project_GreatPersonPoints,userdata,userdata
Project_ResourceCosts,userdata,userdata
Project_YieldConversions,userdata,userdata
Projects,userdata,userdata
Projects_MODE,userdata,userdata
Projects_XP1,userdata,userdata
Projects_XP2,userdata,userdata
ProposalBlockers,userdata,userdata
ProposalTypes,userdata,userdata
PseudoYields,userdata,userdata
Quests,userdata,userdata
RandomAgendaCivicTags,userdata,userdata
RandomAgendaEraTags,userdata,userdata
RandomAgendas,userdata,userdata
RandomAgendasForCivic,userdata,userdata
RandomAgendasInEra,userdata,userdata
RandomAgendas_XP2,userdata,userdata
RandomEvent_DamagedUnits,userdata,userdata
RandomEvent_Damages,userdata,userdata
RandomEvent_Features,userdata,userdata
RandomEvent_Frequencies,userdata,userdata
RandomEvent_Improvement_Placements,userdata,userdata
RandomEvent_Notifications,userdata,userdata
RandomEvent_PillagedBuildings,userdata,userdata
RandomEvent_PillagedDistricts,userdata,userdata
RandomEvent_PillagedImprovements,userdata,userdata
RandomEvent_Presentation,userdata,userdata
RandomEvent_Terrains,userdata,userdata
RandomEvent_Yields,userdata,userdata
RandomEvents,userdata,userdata
RealismSettings,userdata,userdata
Religions,userdata,userdata
RequirementArguments,userdata,userdata
RequirementSetRequirements,userdata,userdata
RequirementSets,userdata,userdata
RequirementStrings,userdata,userdata
Requirements,userdata,userdata
ResolutionEffects,userdata,userdata
Resolutions,userdata,userdata
ResourceCorporations,userdata,userdata
ResourceIndustries,userdata,userdata
Resource_Conditions,userdata,userdata
Resource_Consumption,userdata,userdata
Resource_Distribution,userdata,userdata
Resource_Harvests,userdata,userdata
Resource_SeaLuxuries,userdata,userdata
Resource_SeaStrategics,userdata,userdata
Resource_TradeRouteYields,userdata,userdata
Resource_ValidFeatures,userdata,userdata
Resource_ValidTerrains,userdata,userdata
Resource_YieldChanges,userdata,userdata
Resources,userdata,userdata
Route_ResourceCosts,userdata,userdata
Route_ValidBuildUnits,userdata,userdata
Routes,userdata,userdata
Routes_XP2,userdata,userdata
SavingTypes,userdata,userdata
ScenarioSpecificCommand,userdata,userdata
ScoringCategories,userdata,userdata
ScoringLineItems,userdata,userdata
Seasons,userdata,userdata
SecretSocieties,userdata,userdata
SettlementPreferences,userdata,userdata
ShapeDefinitions,userdata,userdata
StartBiasFeatures,userdata,userdata
StartBiasResources,userdata,userdata
StartBiasRivers,userdata,userdata
StartBiasTerrains,userdata,userdata
StartEras,userdata,userdata
StartEras_XP2,userdata,userdata
StartingBoostedCivics,userdata,userdata
StartingBoostedTechnologies,userdata,userdata
StartingBuildings,userdata,userdata
StartingCivics,userdata,userdata
StartingGovernments,userdata,userdata
Strategies,userdata,userdata
StrategyConditions,userdata,userdata
Strategy_Priorities,userdata,userdata
Strategy_YieldPriorities,userdata,userdata
Tags,userdata,userdata
TargetTypes,userdata,userdata
Technologies,userdata,userdata
Technologies_XP2,userdata,userdata
TechnologyModifiers,userdata,userdata
TechnologyPrereqs,userdata,userdata
TechnologyQuotes,userdata,userdata
TechnologyRandomCosts,userdata,userdata
TerrainClass_Terrains,userdata,userdata
TerrainClasses,userdata,userdata
Terrain_YieldChanges,userdata,userdata
Terrains,userdata,userdata
TraitModifiers,userdata,userdata
Traits,userdata,userdata
TreeData,userdata,userdata
TriggeredBehaviorTrees,userdata,userdata
TurnPhases,userdata,userdata
TurnSegments,userdata,userdata
TurnTimers,userdata,userdata
TypeProperties,userdata,userdata
TypeTags,userdata,userdata
Types,userdata,userdata
UnitAbilities,userdata,userdata
UnitAbilityModifiers,userdata,userdata
UnitAiInfos,userdata,userdata
UnitAiTypes,userdata,userdata
UnitCaptures,userdata,userdata
UnitCommands,userdata,userdata
UnitFormationClasses,userdata,userdata
UnitNames,userdata,userdata
UnitOperations,userdata,userdata
UnitOperations_XP2,userdata,userdata
UnitPromotionClasses,userdata,userdata
UnitPromotionModifiers,userdata,userdata
UnitPromotionPrereqs,userdata,userdata
UnitPromotions,userdata,userdata
UnitReplaces,userdata,userdata
UnitRetreats_XP1,userdata,userdata
UnitUpgrades,userdata,userdata
Unit_BuildingPrereqs,userdata,userdata
Unit_RebellionTags,userdata,userdata
Unit_RockbandResults_XP2,userdata,userdata
Units,userdata,userdata
Units_MODE,userdata,userdata
Units_Presentation,userdata,userdata
Units_XP2,userdata,userdata
Victories,userdata,userdata
Visibilities,userdata,userdata
Visibilities_XP2,userdata,userdata
Vocabularies,userdata,userdata
VotingBlockers,userdata,userdata
WMDs,userdata,userdata
Wars,userdata,userdata
Yields,userdata,userdata
