命名空间,GP类型,UI类型,GP可见,UI可见,GP键数,UI键数,GP受保护元表,UI受保护元表
Achievements,table,table,是,是,0,0,是,是
Adjacency_YieldChanges,nil,nil,否,否,0,0,,
AiFavoredItems,nil,nil,否,否,0,0,,
AiListTypes,nil,nil,否,否,0,0,,
AiLists,nil,nil,否,否,0,0,,
Alliances,nil,nil,否,否,0,0,,
AppealHousingChanges,nil,nil,否,否,0,0,,
AreaBuilder,table,nil,是,否,0,0,,
Areas,table,nil,是,否,0,0,,
AssetPreview,nil,table,否,是,0,0,,
AutoProfiler,nil,table,否,是,0,0,,是
Automation,table,table,是,是,0,0,,
AutoplayManager,table,table,是,是,0,0,,
BeliefModifiers,nil,nil,否,否,0,0,,
Beliefs,nil,nil,否,否,0,0,,
Benchmark,nil,table,否,是,0,0,,是
Boosts,nil,nil,否,否,0,0,,
BuildingModifiers,nil,nil,否,否,0,0,,
BuildingPrereqs,nil,nil,否,否,0,0,,
BuildingReplaces,nil,nil,否,否,0,0,,
Building_CitizenYieldChanges,nil,nil,否,否,0,0,,
Building_GreatPersonPoints,nil,nil,否,否,0,0,,
Building_GreatWorks,nil,nil,否,否,0,0,,
Building_YieldChanges,nil,nil,否,否,0,0,,
Buildings,nil,nil,否,否,0,0,,
Buildings_XP2,nil,nil,否,否,0,0,,
Calendar,nil,table,否,是,0,0,,
Cities,table,table,是,是,0,0,,
City,table,nil,是,否,0,0,,
CityManager,table,table,是,是,0,0,,
CityNames,nil,nil,否,否,0,0,,
Civics,nil,nil,否,否,0,0,,
Civics_XP2,nil,nil,否,否,0,0,,
CivilizationCitizenNames,nil,nil,否,否,0,0,,
CivilizationLevels,nil,nil,否,否,0,0,,
CivilizationTraits,nil,nil,否,否,0,0,,
Civilizations,nil,nil,否,否,0,0,,
CodeBuddyFuncs,nil,nil,否,否,0,0,,
CodeBuddyFuncsRaw,nil,nil,否,否,0,0,,
Colors,nil,nil,否,否,0,0,,
CombatManager,table,table,是,是,0,0,,
CommemorationBonuses,nil,nil,否,否,0,0,,
ContextPtr,nil,table,否,是,0,0,,
Control,nil,nil,否,否,0,0,,
CorporationNames,nil,nil,否,否,0,0,,
DB,table,table,是,是,0,0,是,是
DealManager,table,table,是,是,0,0,,
Definitions,nil,table,否,是,0,0,,
DiplomacyActions,nil,nil,否,否,0,0,,
DiplomacyDeal,nil,nil,否,否,0,0,,
DiplomacyDealItem,nil,nil,否,否,0,0,,
DiplomacyInfo,nil,nil,否,否,0,0,,
DiplomacyManager,nil,table,否,是,0,0,,
DiplomacySelections,nil,nil,否,否,0,0,,
DiplomacyStatements,nil,nil,否,否,0,0,,
DirtyComponents,nil,nil,否,否,0,0,,
DirtyComponentsManager,nil,table,否,是,0,0,,
DistrictBuildings,nil,nil,否,否,0,0,,
District_Adjacencies,nil,nil,否,否,0,0,,
District_CitizenYieldChanges,nil,nil,否,否,0,0,,
Districts,nil,nil,否,否,0,0,,
DualHeroes,nil,nil,否,否,0,0,,
DynamicModifiers,nil,nil,否,否,0,0,,
EffectsManager,nil,table,否,是,0,0,,
EmergencyRewards,nil,nil,否,否,0,0,,
Eras,nil,nil,否,否,0,0,,
Eras_XP2,nil,nil,否,否,0,0,,
Events,table,table,是,是,0,0,,
FavoredReligions,nil,nil,否,否,0,0,,
FeatureGenerator,nil,table,否,是,0,0,,
Features,nil,nil,否,否,0,0,,
FiraxisLive,nil,table,否,是,0,0,,是
Fractal,table,nil,是,否,0,0,,
FreeCities,nil,nil,否,否,0,0,,
Game,table,table,是,是,0,0,,
GameCapabilities,table,table,是,是,0,0,,
GameClimate,table,table,是,是,0,0,,
GameConfiguration,table,table,是,是,0,0,,
GameEffects,table,table,是,是,0,0,,
GameEvents,table,nil,是,否,0,0,,
GameInfo,table,table,是,是,0,0,是,是
GameRandomEvents,table,table,是,是,0,0,,
GameSpeed_Turns,nil,nil,否,否,0,0,,
GameSpeeds,nil,nil,否,否,0,0,,
GameSummary,table,table,是,是,0,0,,
GenerationalInstanceManager,nil,table,否,是,0,0,,
GlobalParameters,table,table,是,是,0,0,是,是
GoodyHutSubTypes,nil,nil,否,否,0,0,,
GoodyHutTypes,nil,nil,否,否,0,0,,
GoodyHuts,nil,nil,否,否,0,0,,
GovernmentSlots,nil,nil,否,否,0,0,,
Government_SlotCounts,nil,nil,否,否,0,0,,
Governments,nil,nil,否,否,0,0,,
GovernorPromotionModifiers,nil,nil,否,否,0,0,,
GovernorPromotionSets,nil,nil,否,否,0,0,,
GovernorPromotions,nil,nil,否,否,0,0,,
Governors,nil,nil,否,否,0,0,,
GreatPersonClasses,nil,nil,否,否,0,0,,
GreatPersonIndividualActionModifiers,nil,nil,否,否,0,0,,
GreatPersonIndividualBirthModifiers,nil,nil,否,否,0,0,,
GreatPersonIndividuals,nil,nil,否,否,0,0,,
GreatWork_RelicData,nil,nil,否,否,0,0,,
GreatWorks,nil,nil,否,否,0,0,,
HallofFame,nil,table,否,是,0,0,,是
HeroAbilities,nil,nil,否,否,0,0,,
HeroActions,nil,nil,否,否,0,0,,
HeroDefinitions,nil,nil,否,否,0,0,,
Hero_AccumulatedXp,nil,nil,否,否,0,0,,
Hero_Attributes,nil,nil,否,否,0,0,,
Hero_XpNeeded,nil,nil,否,否,0,0,,
HistoricalAgendas,nil,nil,否,否,0,0,,
IconDefinitions,nil,nil,否,否,0,0,,
IconManager,nil,table,否,是,0,0,,
Icons,nil,nil,否,否,0,0,,
Icons_FontIcons,nil,nil,否,否,0,0,,
ImprovementBuilder,table,nil,是,否,0,0,,
Improvement_Adjacencies,nil,nil,否,否,0,0,,
Improvement_BonusYieldChanges,nil,nil,否,否,0,0,,
Improvement_ValidBuildUnits,nil,nil,否,否,0,0,,
Improvement_ValidFeatures,nil,nil,否,否,0,0,,
Improvement_ValidResources,nil,nil,否,否,0,0,,
Improvement_ValidTerrains,nil,nil,否,否,0,0,,
Improvement_YieldChanges,nil,nil,否,否,0,0,,
Improvements,nil,nil,否,否,0,0,,
Input,nil,table,否,是,0,0,,是
InputStruct,nil,nil,否,否,0,0,,
InstanceManager,nil,table,否,是,0,0,,
Kinds,nil,nil,否,否,0,0,,
LeaderQuotes,nil,nil,否,否,0,0,,
LeaderTraits,nil,nil,否,否,0,0,,
Leaders,nil,nil,否,否,0,0,,
LoadingInfo,nil,nil,否,否,0,0,,
Locale,table,table,是,是,0,0,是,是
Map,table,table,是,是,0,0,,
MapConfiguration,table,table,是,是,0,0,,
MapFeatureManager,table,table,是,是,0,0,,
MapPinConfiguration,nil,nil,否,否,0,0,,
MapRoutes,table,table,是,是,0,0,,
Map_GreatPersonClasses,nil,nil,否,否,0,0,,
Map_GreatPersonPoints,nil,nil,否,否,0,0,,
Map_TradeRoutes,nil,nil,否,否,0,0,,
Matchmaking,nil,table,否,是,0,0,,是
Modding,nil,table,否,是,0,0,,是
ModifierArguments,nil,nil,否,否,0,0,,
ModifierStrings,nil,nil,否,否,0,0,,
Modifiers,nil,nil,否,否,0,0,,
Moments,nil,nil,否,否,0,0,,
NamedLakes,nil,nil,否,否,0,0,,
NaturalWonderAdjacencies,nil,nil,否,否,0,0,,
NaturalWonderGenerator,nil,table,否,是,0,0,,
NaturalWonderTypeAdjacencies,nil,nil,否,否,0,0,,
Network,nil,table,否,是,0,0,,是
Notification,nil,nil,否,否,0,0,,
NotificationManager,table,table,是,是,0,0,,
Notifications,nil,nil,否,否,0,0,,
ObsoletePolicies,nil,nil,否,否,0,0,,
Options,nil,table,否,是,0,0,,是
Path,table,table,是,是,0,0,是,是
Player,table,nil,是,否,0,0,,
PlayerColors,nil,nil,否,否,0,0,,
PlayerConfiguration,table,table,是,是,0,0,,
PlayerManager,table,table,是,是,0,0,,
PlayerVisibility,table,nil,是,否,0,0,,
PlayerVisibilityManager,table,table,是,是,0,0,,
Plot,table,table,是,是,0,0,,
Policies,nil,nil,否,否,0,0,,
Policies_XP1,nil,nil,否,否,0,0,,
PolicyModifiers,nil,nil,否,否,0,0,,
PopupDialog,nil,table,否,是,0,0,,
PopupDialogInGame,nil,table,否,是,0,0,,
Project_GreatPersonPoints,nil,nil,否,否,0,0,,
Project_YieldConversions,nil,nil,否,否,0,0,,
Projects,nil,nil,否,否,0,0,,
Projects_XP1,nil,nil,否,否,0,0,,
PseudoYields,nil,nil,否,否,0,0,,
PullDownInstanceManager,nil,table,否,是,0,0,,
RandomAgendas,nil,nil,否,否,0,0,,
Relationship,nil,nil,否,否,0,0,,
Religions,nil,nil,否,否,0,0,,
ReportingEvents,table,table,是,是,0,0,,
RequirementArguments,nil,nil,否,否,0,0,,
RequirementSetRequirements,nil,nil,否,否,0,0,,
RequirementSets,nil,nil,否,否,0,0,,
RequirementStrings,nil,nil,否,否,0,0,,
Requirements,nil,nil,否,否,0,0,,
ResourceBuilder,table,nil,是,否,0,0,,
Resource_Consumption,nil,nil,否,否,0,0,,
Resource_Harvests,nil,nil,否,否,0,0,,
Resource_YieldChanges,nil,nil,否,否,0,0,,
Resources,nil,nil,否,否,0,0,,
RiverManager,table,table,是,是,0,0,,
RouteBuilder,table,nil,是,否,0,0,,
Routes,nil,nil,否,否,0,0,,
Routes_XP2,nil,nil,否,否,0,0,,
ScoringCategories,nil,nil,否,否,0,0,,
ScoringLineItems,nil,nil,否,否,0,0,,
Search,nil,table,否,是,0,0,,是
SimUnitSystem,nil,table,否,是,0,0,,
StartBiasFeatures,nil,nil,否,否,0,0,,
StartBiasResources,nil,nil,否,否,0,0,,
StartBiasTerrains,nil,nil,否,否,0,0,,
StartEras,nil,nil,否,否,0,0,,
StartPositioner,table,nil,是,否,0,0,,
StartingBuildings,nil,nil,否,否,0,0,,
Steam,nil,table,否,是,0,0,,是
Strategies,nil,nil,否,否,0,0,,
StrategyConditions,nil,nil,否,否,0,0,,
Strategy_Priorities,nil,nil,否,否,0,0,,
TTManager,nil,table,否,是,0,0,,
Tags,nil,nil,否,否,0,0,,
Technologies,nil,nil,否,否,0,0,,
Technologies_XP2,nil,nil,否,否,0,0,,
TechnologyModifiers,nil,nil,否,否,0,0,,
TechnologyPrereqs,nil,nil,否,否,0,0,,
TechnologyQuotes,nil,nil,否,否,0,0,,
TerrainBuilder,table,nil,是,否,0,0,,
TerrainManager,table,table,是,是,0,0,,
Terrains,nil,nil,否,否,0,0,,
Territories,table,table,是,是,0,0,,
Tests.End,ERR,ERR,否,否,,,,
Tests.PauseGame,ERR,ERR,否,否,,,,
Tests.QuitApp,ERR,ERR,否,否,,,,
Tests.QuitGame,ERR,ERR,否,否,,,,
ToolTipHelper,nil,table,否,是,0,0,,
Tools,nil,nil,否,否,0,0,,
TouchManager,nil,table,否,是,0,0,,
TraitModifiers,nil,nil,否,否,0,0,,
Traits,nil,nil,否,否,0,0,,
TreeData,nil,nil,否,否,0,0,,
TunerUtilities,nil,table,否,是,0,0,,
TypeProperties,nil,nil,否,否,0,0,,
TypeTags,nil,nil,否,否,0,0,,
Types,nil,nil,否,否,0,0,,
UI,nil,table,否,是,0,0,,是
UILens,nil,table,否,是,0,0,,是
UIManager,nil,table,否,是,0,0,,
UITree,nil,table,否,是,0,0,,是
UITutorialManager,nil,table,否,是,0,0,,
Unit,table,nil,是,否,0,0,,
UnitAbilities,nil,nil,否,否,0,0,,
UnitAbilityModifiers,nil,nil,否,否,0,0,,
UnitAiInfos,nil,nil,否,否,0,0,,
UnitCaptures,nil,nil,否,否,0,0,,
UnitCommands,nil,nil,否,否,0,0,,
UnitManager,table,table,是,是,0,0,,
UnitNames,nil,nil,否,否,0,0,,
UnitOperations,nil,nil,否,否,0,0,,
UnitPromotionClasses,nil,nil,否,否,0,0,,
UnitPromotionModifiers,nil,nil,否,否,0,0,,
UnitPromotionPrereqs,nil,nil,否,否,0,0,,
UnitPromotions,nil,nil,否,否,0,0,,
UnitReplaces,nil,nil,否,否,0,0,,
Units,table,table,是,是,0,0,,
Units_XP2,nil,nil,否,否,0,0,,
UserConfiguration,nil,table,否,是,0,0,,
Victories,nil,nil,否,否,0,0,,
VotedEffects,nil,nil,否,否,0,0,,
WMDs,nil,nil,否,否,0,0,,
WorldBuilder,table,table,是,是,0,0,,
WorldBuilderResourceGenerator,nil,nil,否,否,0,0,,
WorldView,nil,table,否,是,0,0,,
Yields,nil,nil,否,否,0,0,,
g_ToolTipGenerators,nil,table,否,是,0,0,,
json,nil,nil,否,否,0,0,,
math,table,table,是,是,0,0,是,是
os,table,table,是,是,0,0,是,是
serialize,table,table,是,是,0,0,,
